DATE,EURONTD156N
2001-01-02,4.84125
2001-01-03,4.8325
2001-01-04,4.8225
2001-01-05,4.78
2001-01-08,4.77625
2001-01-09,4.78125
2001-01-10,4.82
2001-01-11,4.8293800000000005
2001-01-12,4.825
2001-01-15,4.8225
2001-01-16,4.815
2001-01-17,4.78875
2001-01-18,4.76875
2001-01-19,4.7275
2001-01-22,4.64
2001-01-23,4.29375
2001-01-24,4.78875
2001-01-25,4.785
2001-01-26,4.7925
2001-01-29,4.79375
2001-01-30,4.795
2001-01-31,4.82375
2001-02-01,4.7725
2001-02-02,4.779380000000001
2001-02-05,4.7745
2001-02-06,4.7725
2001-02-07,4.772130000000001
2001-02-08,4.77325
2001-02-09,4.770630000000001
2001-02-12,4.7705
2001-02-13,4.78538
2001-02-14,4.9075
2001-02-15,4.915
2001-02-16,5.02
2001-02-19,5.5
2001-02-20,5.6
2001-02-21,5.75
2001-02-22,5.72875
2001-02-23,5.3125
2001-02-26,4.84875
2001-02-27,4.9
2001-02-28,5.0425
2001-03-01,4.82125
2001-03-02,4.82375
2001-03-05,4.815
2001-03-06,4.825
2001-03-07,4.84125
2001-03-08,4.875
2001-03-09,4.86625
2001-03-12,4.85
2001-03-13,4.81125
2001-03-14,4.80625
2001-03-15,4.80125
2001-03-16,4.78875
2001-03-19,4.8
2001-03-20,4.82
2001-03-21,4.84125
2001-03-22,4.58375
2001-03-23,4.475
2001-03-26,4.7725
2001-03-27,4.7775
2001-03-28,4.77875
2001-03-29,4.76875
2001-03-30,4.8425
2001-04-02,4.78375
2001-04-03,4.7825
2001-04-04,4.77625
2001-04-05,4.77375
2001-04-06,4.7625
2001-04-09,4.75125
2001-04-10,4.83875
2001-04-11,5.325
2001-04-12,5.75375
2001-04-13,
2001-04-16,
2001-04-17,5.77375
2001-04-18,5.18125
2001-04-19,5.45
2001-04-20,5.6
2001-04-23,5.2
2001-04-24,4.79625
2001-04-25,4.81125
2001-04-26,4.82125
2001-04-27,4.825
2001-04-30,4.95375
2001-05-01,
2001-05-02,4.84125
2001-05-03,4.83625
2001-05-04,4.8275
2001-05-07,4.82
2001-05-08,4.8156300000000005
2001-05-09,4.8125
2001-05-10,4.805
2001-05-11,4.595
2001-05-14,4.585
2001-05-15,4.57875
2001-05-16,4.575
2001-05-17,4.5675
2001-05-18,4.5575
2001-05-21,4.54375
2001-05-22,4.50125
2001-05-23,4.80625
2001-05-24,4.59875
2001-05-25,4.60875
2001-05-28,4.6
2001-05-29,4.5925
2001-05-30,4.57375
2001-05-31,4.62125
2001-06-01,4.560630000000001
2001-06-04,4.55375
2001-06-05,4.5425
2001-06-06,4.53125
2001-06-07,4.50625
2001-06-08,4.54563
2001-06-11,4.54188
2001-06-12,4.54125
2001-06-13,4.5425
2001-06-14,4.54438
2001-06-15,4.535
2001-06-18,4.535
2001-06-19,4.5325
2001-06-20,4.53375
2001-06-21,4.40375
2001-06-22,4.5475
2001-06-25,4.545
2001-06-26,4.5775
2001-06-27,4.57375
2001-06-28,4.57
2001-06-29,4.79625
2001-07-02,4.56
2001-07-03,4.54625
2001-07-04,4.54
2001-07-05,4.5325
2001-07-06,4.53625
2001-07-09,4.53625
2001-07-10,4.53375
2001-07-11,4.5325
2001-07-12,4.53125
2001-07-13,4.53125
2001-07-16,4.53313
2001-07-17,4.53063
2001-07-18,4.52875
2001-07-19,4.4475
2001-07-20,4.37875
2001-07-23,4.45
2001-07-24,4.54
2001-07-25,4.54
2001-07-26,4.54
2001-07-27,4.5375
2001-07-30,4.53875
2001-07-31,4.6275
2001-08-01,4.53125
2001-08-02,4.50375
2001-08-03,4.53125
2001-08-06,4.53125
2001-08-07,4.5325
2001-08-08,4.53375
2001-08-09,4.53
2001-08-10,4.53125
2001-08-13,4.53
2001-08-14,4.5275
2001-08-15,4.5275
2001-08-16,4.52875
2001-08-17,4.53
2001-08-20,4.53
2001-08-21,4.53375
2001-08-22,4.4825
2001-08-23,4.49625
2001-08-24,4.5275
2001-08-27,4.52
2001-08-28,4.515
2001-08-29,4.42875
2001-08-30,4.41625
2001-08-31,4.39125
2001-09-03,4.31875
2001-09-04,4.31375
2001-09-05,4.305
2001-09-06,4.30375
2001-09-07,4.30625
2001-09-10,4.29375
2001-09-11,4.2975
2001-09-12,4.3675
2001-09-13,4.26875
2001-09-14,4.2575
2001-09-17,4.2375
2001-09-18,3.7975
2001-09-19,3.61438
2001-09-20,3.2
2001-09-21,3.12375
2001-09-24,3.795
2001-09-25,3.79875
2001-09-26,3.80125
2001-09-27,3.79875
2001-09-28,3.86
2001-10-01,3.78125
2001-10-02,3.77375
2001-10-03,3.76
2001-10-04,3.7575
2001-10-05,3.72625
2001-10-08,3.7375
2001-10-09,4.0575
2001-10-10,3.9525
2001-10-11,3.94625
2001-10-12,4.0
2001-10-15,3.89
2001-10-16,3.85625
2001-10-17,4.39375
2001-10-18,4.45125
2001-10-19,4.7
2001-10-22,4.75
2001-10-23,4.75
2001-10-24,3.775
2001-10-25,3.69375
2001-10-26,3.795
2001-10-29,3.775
2001-10-30,3.78
2001-10-31,3.85125
2001-11-01,3.77375
2001-11-02,3.7825
2001-11-05,3.77625
2001-11-06,4.15
2001-11-07,3.90125
2001-11-08,3.7
2001-11-09,3.895
2001-11-12,3.85
2001-11-13,3.51375
2001-11-14,3.3925
2001-11-15,3.33
2001-11-16,3.31875
2001-11-19,3.27
2001-11-20,3.375
2001-11-21,3.365
2001-11-22,3.45
2001-11-23,3.29
2001-11-26,3.3225
2001-11-27,3.3225
2001-11-28,3.32
2001-11-29,3.31875
2001-11-30,3.38875
2001-12-03,3.30875
2001-12-04,3.3
2001-12-05,3.285
2001-12-06,3.2775
2001-12-07,3.275
2001-12-10,3.285
2001-12-11,3.3
2001-12-12,3.3025
2001-12-13,3.31
2001-12-14,3.31375
2001-12-17,3.31125
2001-12-18,3.3175
2001-12-19,3.33125
2001-12-20,3.25625
2001-12-21,3.075
2001-12-24,3.4625
2001-12-25,
2001-12-26,
2001-12-27,3.6625
2001-12-28,3.8125
2001-12-31,
2002-01-01,
2002-01-02,3.3425
2002-01-03,3.48125
2002-01-04,3.43625
2002-01-07,3.44125
2002-01-08,3.3625
2002-01-09,3.3625
2002-01-10,3.345
2002-01-11,3.35
2002-01-14,3.345
2002-01-15,3.3406300000000004
2002-01-16,3.3431300000000004
2002-01-17,3.34
2002-01-18,3.33375
2002-01-21,3.31625
2002-01-22,3.075
2002-01-23,2.695
2002-01-24,3.33125
2002-01-25,3.325
2002-01-28,3.3325
2002-01-29,3.3325
2002-01-30,3.33625
2002-01-31,3.37375
2002-02-01,3.33375
2002-02-04,3.3325
2002-02-05,3.32375
2002-02-06,3.31625
2002-02-07,3.31
2002-02-08,3.315
2002-02-11,3.31
2002-02-12,3.31
2002-02-13,3.31125
2002-02-14,3.3125
2002-02-15,3.305
2002-02-18,3.30125
2002-02-19,3.295
2002-02-20,3.22875
2002-02-21,3.14625
2002-02-22,3.14125
2002-02-25,3.31625
2002-02-26,3.3325
2002-02-27,3.33375
2002-02-28,3.35
2002-03-01,3.3325
2002-03-04,3.3275
2002-03-05,3.3125
2002-03-06,3.3025
2002-03-07,3.295
2002-03-08,3.285
2002-03-11,3.285
2002-03-12,3.28875
2002-03-13,3.28625
2002-03-14,3.27375
2002-03-15,3.26625
2002-03-18,3.25
2002-03-19,3.19125
2002-03-20,3.14
2002-03-21,3.01125
2002-03-22,3.23375
2002-03-25,3.33
2002-03-26,3.3475
2002-03-27,3.34625
2002-03-28,3.39375
2002-03-29,
2002-04-01,
2002-04-02,3.33375
2002-04-03,3.32
2002-04-04,3.315
2002-04-05,3.3125
2002-04-08,3.3125
2002-04-09,3.3025
2002-04-10,3.295
2002-04-11,3.2975
2002-04-12,3.295
2002-04-15,3.28625
2002-04-16,3.275
2002-04-17,3.215
2002-04-18,3.215
2002-04-19,3.315
2002-04-22,3.32
2002-04-23,3.70625
2002-04-24,3.33
2002-04-25,3.32625
2002-04-26,3.32125
2002-04-29,3.3175
2002-04-30,3.38
2002-05-01,
2002-05-02,3.31625
2002-05-03,3.32
2002-05-06,3.3175
2002-05-07,3.3175
2002-05-08,3.31875
2002-05-09,3.31625
2002-05-10,3.31625
2002-05-13,3.31625
2002-05-14,3.315
2002-05-15,3.3125
2002-05-16,3.30625
2002-05-17,3.285
2002-05-20,3.265
2002-05-21,3.255
2002-05-22,3.40625
2002-05-23,3.4725
2002-05-24,3.36
2002-05-27,3.3575
2002-05-28,3.3525
2002-05-29,3.3525
2002-05-30,3.3425
2002-05-31,3.37875
2002-06-03,3.35
2002-06-04,3.34375
2002-06-05,3.3425
2002-06-06,3.3425
2002-06-07,3.33875
2002-06-10,3.33875
2002-06-11,3.33375
2002-06-12,3.33
2002-06-13,3.32625
2002-06-14,3.32125
2002-06-17,3.3125
2002-06-18,3.32125
2002-06-19,3.3225
2002-06-20,3.325
2002-06-21,3.645
2002-06-24,3.35375
2002-06-25,3.36625
2002-06-26,3.3725
2002-06-27,3.37125
2002-06-28,3.59625
2002-07-01,3.3575
2002-07-02,3.3525
2002-07-03,3.34375
2002-07-04,3.33875
2002-07-05,3.3325
2002-07-08,3.3275
2002-07-09,3.31875
2002-07-10,3.3175
2002-07-11,3.31625
2002-07-12,3.31375
2002-07-15,3.31625
2002-07-16,3.31125
2002-07-17,3.30125
2002-07-18,3.24125
2002-07-19,3.28875
2002-07-22,3.33
2002-07-23,3.34875
2002-07-24,3.33125
2002-07-25,3.33125
2002-07-26,3.32
2002-07-29,3.31375
2002-07-30,3.32
2002-07-31,3.3625
2002-08-01,3.31625
2002-08-02,3.31375
2002-08-05,3.3125
2002-08-06,3.3125
2002-08-07,3.3125
2002-08-08,3.30625
2002-08-09,3.30875
2002-08-12,3.305
2002-08-13,3.30375
2002-08-14,3.30125
2002-08-15,3.3025
2002-08-16,3.3025
2002-08-19,3.3025
2002-08-20,3.3025
2002-08-21,3.30375
2002-08-22,3.30625
2002-08-23,3.3475
2002-08-26,3.3225
2002-08-27,3.305
2002-08-28,3.30375
2002-08-29,3.3025
2002-08-30,3.365
2002-09-02,3.30875
2002-09-03,3.3075
2002-09-04,3.3075
2002-09-05,3.3075
2002-09-06,3.3025
2002-09-09,3.30125
2002-09-10,3.29875
2002-09-11,3.3025
2002-09-12,3.3025
2002-09-13,3.3025
2002-09-16,3.30375
2002-09-17,3.305
2002-09-18,3.3025
2002-09-19,3.30375
2002-09-20,3.4225
2002-09-23,3.585
2002-09-24,3.3225
2002-09-25,3.3225
2002-09-26,3.32375
2002-09-27,3.32125
2002-09-30,3.4475
2002-10-01,3.31125
2002-10-02,3.31
2002-10-03,3.305
2002-10-04,3.30375
2002-10-07,3.3025
2002-10-08,3.30625
2002-10-09,3.30125
2002-10-10,3.29875
2002-10-11,3.30625
2002-10-14,3.305
2002-10-15,3.3025
2002-10-16,3.30625
2002-10-17,3.30625
2002-10-18,3.30375
2002-10-21,3.32
2002-10-22,3.37
2002-10-23,3.3775
2002-10-24,3.30625
2002-10-25,3.30375
2002-10-28,3.3025
2002-10-29,3.3025
2002-10-30,3.305
2002-10-31,3.3631300000000004
2002-11-01,3.305
2002-11-04,3.3025
2002-11-05,3.30375
2002-11-06,3.3
2002-11-07,3.19
2002-11-08,3.30125
2002-11-11,3.30125
2002-11-12,3.30125
2002-11-13,3.30125
2002-11-14,3.30125
2002-11-15,3.30125
2002-11-18,3.30125
2002-11-19,3.30375
2002-11-20,3.305
2002-11-21,3.3056300000000003
2002-11-22,3.48875
2002-11-25,3.3125
2002-11-26,3.32
2002-11-27,3.315
2002-11-28,3.3175
2002-11-29,3.4025
2002-12-02,3.38375
2002-12-03,3.29875
2002-12-04,3.04031
2002-12-05,2.9475
2002-12-06,2.89
2002-12-09,2.8975
2002-12-10,2.9
2002-12-11,2.89625
2002-12-12,2.9
2002-12-13,2.90063
2002-12-16,2.9043799999999997
2002-12-17,3.05063
2002-12-18,2.92469
2002-12-19,3.375
2002-12-20,3.64125
2002-12-23,3.75
2002-12-24,3.0675
2002-12-25,
2002-12-26,
2002-12-27,3.075
2002-12-30,3.05
2002-12-31,3.5325
2003-01-01,
2003-01-02,2.92375
2003-01-03,2.91875
2003-01-06,2.89625
2003-01-07,2.88688
2003-01-08,2.85875
2003-01-09,2.84625
2003-01-10,2.8425
2003-01-13,2.845
2003-01-14,2.83688
2003-01-15,2.83625
2003-01-16,2.8375
2003-01-17,2.83375
2003-01-20,2.83125
2003-01-21,2.8275
2003-01-22,2.65375
2003-01-23,2.11938
2003-01-24,2.8246900000000004
2003-01-27,2.82375
2003-01-28,2.8225
2003-01-29,2.8225
2003-01-30,2.81625
2003-01-31,2.86813
2003-02-03,2.82625
2003-02-04,2.825
2003-02-05,2.81625
2003-02-06,2.8125
2003-02-07,2.8025
2003-02-10,2.79875
2003-02-11,2.79625
2003-02-12,2.79625
2003-02-13,2.79188
2003-02-14,2.79125
2003-02-17,2.79375
2003-02-18,2.79813
2003-02-19,2.79375
2003-02-20,2.79188
2003-02-21,2.53531
2003-02-24,2.795
2003-02-25,2.7875
2003-02-26,2.78688
2003-02-27,2.775
2003-02-28,2.83813
2003-03-03,3.18875
2003-03-04,3.3
2003-03-05,3.125
2003-03-06,2.885
2003-03-07,3.3
2003-03-10,3.3
2003-03-11,2.78125
2003-03-12,2.675
2003-03-13,2.62625
2003-03-14,2.62188
2003-03-17,2.61875
2003-03-18,2.605
2003-03-19,2.45906
2003-03-20,2.385
2003-03-21,2.5653099999999998
2003-03-24,2.57313
2003-03-25,2.5693799999999998
2003-03-26,2.57125
2003-03-27,2.57625
2003-03-28,2.57938
2003-03-31,2.69125
2003-04-01,2.56625
2003-04-02,2.55625
2003-04-03,2.54625
2003-04-04,2.55125
2003-04-07,2.56125
2003-04-08,2.555
2003-04-09,2.55375
2003-04-10,2.55625
2003-04-11,2.55375
2003-04-14,2.55875
2003-04-15,2.555
2003-04-16,2.555
2003-04-17,2.7475
2003-04-18,
2003-04-21,
2003-04-22,2.62594
2003-04-23,2.6325
2003-04-24,2.56688
2003-04-25,2.56375
2003-04-28,2.56313
2003-04-29,2.56438
2003-04-30,2.66813
2003-05-01,
2003-05-02,2.56813
2003-05-05,2.5675
2003-05-06,2.56563
2003-05-07,2.56375
2003-05-08,2.5493799999999998
2003-05-09,2.5625
2003-05-12,2.56188
2003-05-13,2.565
2003-05-14,2.5675
2003-05-15,2.57063
2003-05-16,2.5693799999999998
2003-05-19,2.5693799999999998
2003-05-20,2.60375
2003-05-21,2.72375
2003-05-22,2.58625
2003-05-23,2.55844
2003-05-26,2.57375
2003-05-27,2.59375
2003-05-28,2.62125
2003-05-29,2.61
2003-05-30,2.70125
2003-06-02,2.67125
2003-06-03,2.7040599999999997
2003-06-04,2.45
2003-06-05,2.2159400000000002
2003-06-06,2.1503099999999997
2003-06-09,2.1465
2003-06-10,2.15063
2003-06-11,2.16063
2003-06-12,2.15875
2003-06-13,2.1525
2003-06-16,2.155
2003-06-17,2.14813
2003-06-18,2.14375
2003-06-19,2.13938
2003-06-20,2.2025
2003-06-23,2.2575
2003-06-24,2.13875
2003-06-25,2.14
2003-06-26,2.14125
2003-06-27,2.17
2003-06-30,2.44219
2003-07-01,2.14375
2003-07-02,2.14375
2003-07-03,2.13875
2003-07-04,2.13688
2003-07-07,2.135
2003-07-08,2.1275
2003-07-09,2.11875
2003-07-10,2.115
2003-07-11,2.115
2003-07-14,2.11625
2003-07-15,2.115
2003-07-16,2.11125
2003-07-17,2.10938
2003-07-18,2.1006299999999998
2003-07-21,2.085
2003-07-22,2.06375
2003-07-23,1.94625
2003-07-24,2.07875
2003-07-25,2.075
2003-07-28,2.06625
2003-07-29,2.06375
2003-07-30,2.0825
2003-07-31,2.12188
2003-08-01,2.095
2003-08-04,2.095
2003-08-05,2.085
2003-08-06,2.08375
2003-08-07,2.08125
2003-08-08,2.07625
2003-08-11,2.07625
2003-08-12,2.07375
2003-08-13,2.0718799999999997
2003-08-14,2.0718799999999997
2003-08-15,2.07688
2003-08-18,2.08125
2003-08-19,2.08438
2003-08-20,2.08375
2003-08-21,2.15188
2003-08-22,2.3475
2003-08-25,2.11375
2003-08-26,2.1125
2003-08-27,2.1125
2003-08-28,2.1025
2003-08-29,2.16438
2003-09-01,2.1125
2003-09-02,2.10875
2003-09-03,2.10625
2003-09-04,2.09813
2003-09-05,2.095
2003-09-08,2.095
2003-09-09,2.09375
2003-09-10,2.09375
2003-09-11,2.09375
2003-09-12,2.09375
2003-09-15,2.09375
2003-09-16,2.09375
2003-09-17,2.08563
2003-09-18,2.07125
2003-09-19,2.00031
2003-09-22,1.8075
2003-09-23,1.4325
2003-09-24,2.07625
2003-09-25,2.0725
2003-09-26,2.07375
2003-09-29,2.07438
2003-09-30,2.1021900000000002
2003-10-01,2.075
2003-10-02,2.0725
2003-10-03,2.07375
2003-10-06,2.075
2003-10-07,2.0725
2003-10-08,2.075
2003-10-09,2.07875
2003-10-10,2.0775
2003-10-13,2.0725
2003-10-14,2.07375
2003-10-15,2.07125
2003-10-16,2.06625
2003-10-17,2.0493799999999998
2003-10-20,1.93125
2003-10-21,1.99875
2003-10-22,1.9875
2003-10-23,1.55125
2003-10-24,2.0675
2003-10-27,2.065
2003-10-28,2.06563
2003-10-29,2.06625
2003-10-30,2.06625
2003-10-31,2.105
2003-11-03,2.0675
2003-11-04,2.06375
2003-11-05,2.06375
2003-11-06,2.06375
2003-11-07,2.0625
2003-11-10,2.0625
2003-11-11,2.06
2003-11-12,2.0575
2003-11-13,2.0375
2003-11-14,1.9775
2003-11-17,2.01875
2003-11-18,2.005
2003-11-19,1.83781
2003-11-20,1.5475
2003-11-21,1.55625
2003-11-24,2.05375
2003-11-25,2.07531
2003-11-26,2.09375
2003-11-27,2.10875
2003-11-28,2.10375
2003-12-01,2.075
2003-12-02,2.06375
2003-12-03,2.06375
2003-12-04,2.055
2003-12-05,2.05375
2003-12-08,2.05
2003-12-09,2.0425
2003-12-10,2.05125
2003-12-11,2.0525
2003-12-12,2.06
2003-12-15,2.06125
2003-12-16,2.05063
2003-12-17,1.9325
2003-12-18,1.71375
2003-12-19,1.64125
2003-12-22,1.85
2003-12-23,2.7
2003-12-24,2.33875
2003-12-25,
2003-12-26,
2003-12-29,2.38875
2003-12-30,2.18438
2003-12-31,2.37813
2004-01-01,
2004-01-02,2.07813
2004-01-05,2.0606299999999997
2004-01-06,2.06
2004-01-07,2.05125
2004-01-08,2.05188
2004-01-09,2.05188
2004-01-12,2.0525
2004-01-13,2.055
2004-01-14,2.03375
2004-01-15,1.99625
2004-01-16,1.99375
2004-01-19,2.0381299999999998
2004-01-20,2.0025
2004-01-21,2.0625
2004-01-22,2.005
2004-01-23,1.8575
2004-01-26,2.06313
2004-01-27,2.065
2004-01-28,2.05563
2004-01-29,2.0606299999999997
2004-01-30,2.08125
2004-02-02,2.05688
2004-02-03,2.05313
2004-02-04,2.04625
2004-02-05,2.04125
2004-02-06,2.04625
2004-02-09,2.035
2004-02-10,2.03438
2004-02-11,2.03563
2004-02-12,2.03688
2004-02-13,2.0375
2004-02-16,2.0375
2004-02-17,2.035
2004-02-18,2.035
2004-02-19,2.03375
2004-02-20,2.0725
2004-02-23,2.06375
2004-02-24,2.065
2004-02-25,2.0625
2004-02-26,2.06375
2004-02-27,2.08375
2004-03-01,2.055
2004-03-02,2.04875
2004-03-03,2.02375
2004-03-04,1.88688
2004-03-05,1.91875
2004-03-08,1.94563
2004-03-09,2.05375
2004-03-10,2.04313
2004-03-11,2.0406299999999997
2004-03-12,2.03688
2004-03-15,2.0375
2004-03-16,2.03438
2004-03-17,2.03
2004-03-18,2.015
2004-03-19,2.02
2004-03-22,2.02125
2004-03-23,2.065
2004-03-24,2.0725
2004-03-25,2.06438
2004-03-26,2.06625
2004-03-29,2.07125
2004-03-30,2.05188
2004-03-31,2.07125
2004-04-01,2.03125
2004-04-02,2.0375
2004-04-05,2.13813
2004-04-06,2.7225
2004-04-07,2.05563
2004-04-08,2.0625
2004-04-09,
2004-04-12,
2004-04-13,2.0525
2004-04-14,2.05
2004-04-15,2.04688
2004-04-16,2.04625
2004-04-19,2.04438
2004-04-20,2.04
2004-04-21,2.03938
2004-04-22,2.0381299999999998
2004-04-23,2.0425
2004-04-26,2.04375
2004-04-27,2.045
2004-04-28,2.0493799999999998
2004-04-29,2.05438
2004-04-30,2.08188
2004-05-03,2.05375
2004-05-04,2.05438
2004-05-05,2.05313
2004-05-06,2.0525
2004-05-07,1.95313
2004-05-10,2.00125
2004-05-11,2.2
2004-05-12,2.04469
2004-05-13,2.04281
2004-05-14,2.04406
2004-05-17,2.04469
2004-05-18,2.04406
2004-05-19,2.0434400000000004
2004-05-20,2.04
2004-05-21,2.0390599999999997
2004-05-24,2.04406
2004-05-25,2.0434400000000004
2004-05-26,2.045
2004-05-27,2.0453099999999997
2004-05-28,2.055
2004-05-31,2.0625
2004-06-01,2.0484400000000003
2004-06-02,2.05606
2004-06-03,2.0875
2004-06-04,2.14656
2004-06-07,2.005
2004-06-08,1.90625
2004-06-09,2.05313
2004-06-10,2.05063
2004-06-11,2.0493799999999998
2004-06-14,2.04625
2004-06-15,2.04438
2004-06-16,2.04563
2004-06-17,2.04438
2004-06-18,2.045
2004-06-21,2.04313
2004-06-22,2.04438
2004-06-23,2.04375
2004-06-24,2.04625
2004-06-25,2.0475
2004-06-28,2.05188
2004-06-29,2.0625
2004-06-30,2.15375
2004-07-01,2.05438
2004-07-02,2.06125
2004-07-05,2.18125
2004-07-06,2.43094
2004-07-07,2.06375
2004-07-08,2.05375
2004-07-09,2.05531
2004-07-12,2.05438
2004-07-13,2.05375
2004-07-14,2.05375
2004-07-15,2.05625
2004-07-16,2.05813
2004-07-19,2.05563
2004-07-20,2.05563
2004-07-21,2.05438
2004-07-22,2.05438
2004-07-23,2.05563
2004-07-26,2.05313
2004-07-27,2.05375
2004-07-28,2.055
2004-07-29,2.05438
2004-07-30,2.1025
2004-08-02,2.06
2004-08-03,2.06438
2004-08-04,2.06313
2004-08-05,2.03438
2004-08-06,1.98
2004-08-09,2.03688
2004-08-10,2.1128099999999996
2004-08-11,2.05375
2004-08-12,2.05313
2004-08-13,2.05438
2004-08-16,2.05438
2004-08-17,2.05313
2004-08-18,2.05563
2004-08-19,2.05438
2004-08-20,2.05763
2004-08-23,2.05563
2004-08-24,2.05313
2004-08-25,2.05563
2004-08-26,2.05313
2004-08-27,2.05375
2004-08-30,2.05625
2004-08-31,2.07625
2004-09-01,2.05375
2004-09-02,2.045
2004-09-03,2.04406
2004-09-06,2.175
2004-09-07,2.25969
2004-09-08,2.05375
2004-09-09,2.05438
2004-09-10,2.05563
2004-09-13,2.05438
2004-09-14,2.05438
2004-09-15,2.05313
2004-09-16,2.055
2004-09-17,2.05313
2004-09-20,2.05313
2004-09-21,2.0525
2004-09-22,2.05563
2004-09-23,2.05563
2004-09-24,2.05688
2004-09-27,2.05625
2004-09-28,2.05688
2004-09-29,2.0575
2004-09-30,2.1025
2004-10-01,2.06031
2004-10-04,2.06188
2004-10-05,2.085
2004-10-06,2.15375
2004-10-07,2.14125
2004-10-08,2.39625
2004-10-11,2.93875
2004-10-12,2.06375
2004-10-13,2.065
2004-10-14,2.0675
2004-10-15,2.07
2004-10-18,2.07125
2004-10-19,2.0725
2004-10-20,2.07063
2004-10-21,2.06563
2004-10-22,2.06406
2004-10-25,2.06625
2004-10-26,2.06625
2004-10-27,2.06813
2004-10-28,2.07563
2004-10-29,2.12688
2004-11-01,2.07313
2004-11-02,2.07563
2004-11-03,2.0975
2004-11-04,2.35906
2004-11-05,2.20125
2004-11-08,2.11875
2004-11-09,2.07688
2004-11-10,2.08188
2004-11-11,2.085
2004-11-12,2.085
2004-11-15,2.0918799999999997
2004-11-16,2.09375
2004-11-17,2.08875
2004-11-18,2.085
2004-11-19,2.085
2004-11-22,2.08938
2004-11-23,2.08875
2004-11-24,2.09375
2004-11-25,2.0925
2004-11-26,2.09313
2004-11-29,2.09375
2004-11-30,2.1318799999999998
2004-12-01,2.0625
2004-12-02,1.9625
2004-12-03,1.9025
2004-12-06,1.9671900000000002
2004-12-07,2.055
2004-12-08,2.0825
2004-12-09,2.08875
2004-12-10,2.11313
2004-12-13,2.12
2004-12-14,2.11875
2004-12-15,2.10688
2004-12-16,2.09938
2004-12-17,2.08813
2004-12-20,2.09063
2004-12-21,2.09625
2004-12-22,2.09688
2004-12-23,2.09875
2004-12-24,2.09875
2004-12-27,2.1025
2004-12-28,2.09875
2004-12-29,2.1025
2004-12-30,2.10875
2004-12-31,2.17375
2005-01-03,2.11125
2005-01-04,2.1
2005-01-05,2.0971900000000003
2005-01-06,2.09563
2005-01-07,2.09625
2005-01-10,2.10625
2005-01-11,2.1021900000000002
2005-01-12,2.09844
2005-01-13,2.0034400000000003
2005-01-14,1.9896900000000002
2005-01-17,2.1646900000000002
2005-01-18,2.1171900000000003
2005-01-19,2.09875
2005-01-20,2.095
2005-01-21,2.09419
2005-01-24,2.095
2005-01-25,2.0925
2005-01-26,2.0918799999999997
2005-01-27,2.09313
2005-01-28,2.0925
2005-01-31,2.11
2005-02-01,2.08938
2005-02-02,2.03031
2005-02-03,2.06656
2005-02-04,2.0653099999999998
2005-02-07,2.0678099999999997
2005-02-08,2.0825
2005-02-09,2.08375
2005-02-10,2.08375
2005-02-11,2.0825
2005-02-14,2.0825
2005-02-15,2.08375
2005-02-16,2.0825
2005-02-17,2.075
2005-02-18,2.0775
2005-02-21,2.07875
2005-02-22,2.07781
2005-02-23,2.07813
2005-02-24,2.07688
2005-02-25,2.0806299999999998
2005-02-28,2.08625
2005-03-01,2.07938
2005-03-02,2.075
2005-03-03,2.07
2005-03-04,2.03313
2005-03-07,2.02125
2005-03-08,2.03688
2005-03-09,2.07344
2005-03-10,2.07313
2005-03-11,2.07313
2005-03-14,2.07438
2005-03-15,2.07438
2005-03-16,2.07438
2005-03-17,2.07438
2005-03-18,2.07563
2005-03-21,2.07438
2005-03-22,2.07875
2005-03-23,2.08125
2005-03-24,2.08469
2005-03-25,
2005-03-28,
2005-03-29,2.08813
2005-03-30,2.08719
2005-03-31,2.14063
2005-04-01,2.0875
2005-04-04,2.08438
2005-04-05,2.08375
2005-04-06,2.08313
2005-04-07,2.08688
2005-04-08,2.0853099999999998
2005-04-11,2.09375
2005-04-12,2.28875
2005-04-13,2.08563
2005-04-14,2.08688
2005-04-15,2.0825
2005-04-18,2.08563
2005-04-19,2.08375
2005-04-20,2.08313
2005-04-21,2.08
2005-04-22,2.08
2005-04-25,2.0806299999999998
2005-04-26,2.08406
2005-04-27,2.08875
2005-04-28,2.08688
2005-04-29,2.10938
2005-05-02,2.08975
2005-05-03,2.08875
2005-05-04,2.09594
2005-05-05,2.10813
2005-05-06,2.0875
2005-05-09,2.0540599999999998
2005-05-10,2.0325
2005-05-11,2.08188
2005-05-12,2.08375
2005-05-13,2.08125
2005-05-16,2.08344
2005-05-17,2.085
2005-05-18,2.08563
2005-05-19,2.08563
2005-05-20,2.08625
2005-05-23,2.08438
2005-05-24,2.08563
2005-05-25,2.08813
2005-05-26,2.09531
2005-05-27,2.09844
2005-05-30,2.09625
2005-05-31,2.12063
2005-06-01,2.0918799999999997
2005-06-02,2.08938
2005-06-03,2.06563
2005-06-06,1.9875
2005-06-07,1.94094
2005-06-08,2.08375
2005-06-09,2.08813
2005-06-10,2.0925
2005-06-13,2.0918799999999997
2005-06-14,2.0918799999999997
2005-06-15,2.08988
2005-06-16,2.0875
2005-06-17,2.085
2005-06-20,2.08625
2005-06-21,2.08625
2005-06-22,2.08625
2005-06-23,2.08469
2005-06-24,2.0918799999999997
2005-06-27,2.09375
2005-06-28,2.10125
2005-06-29,2.11875
2005-06-30,2.17625
2005-07-01,2.09375
2005-07-04,2.09375
2005-07-05,2.0925
2005-07-06,2.09375
2005-07-07,2.09571
2005-07-08,2.08375
2005-07-11,1.98938
2005-07-12,2.0525
2005-07-13,2.09375
2005-07-14,2.09313
2005-07-15,2.095
2005-07-18,2.09375
2005-07-19,2.0925
2005-07-20,2.0925
2005-07-21,2.0903099999999997
2005-07-22,2.0878099999999997
2005-07-25,2.09125
2005-07-26,2.09375
2005-07-27,2.09625
2005-07-28,2.09438
2005-07-29,2.12625
2005-08-01,2.0918799999999997
2005-08-02,2.0918799999999997
2005-08-03,2.09313
2005-08-04,2.09938
2005-08-05,2.1031299999999997
2005-08-08,2.09688
2005-08-09,1.75
2005-08-10,2.09125
2005-08-11,2.0918799999999997
2005-08-12,2.09125
2005-08-15,2.09
2005-08-16,2.0918799999999997
2005-08-17,2.09313
2005-08-18,2.09438
2005-08-19,2.09313
2005-08-22,2.0918799999999997
2005-08-23,2.0918799999999997
2005-08-24,2.09438
2005-08-25,2.09438
2005-08-26,2.095
2005-08-29,2.09375
2005-08-30,2.09313
2005-08-31,2.10125
2005-09-01,2.09438
2005-09-02,2.1031299999999997
2005-09-05,2.21719
2005-09-06,2.1975
2005-09-07,2.095
2005-09-08,2.09375
2005-09-09,2.095
2005-09-12,2.09375
2005-09-13,2.09313
2005-09-14,2.09438
2005-09-15,2.0971900000000003
2005-09-16,2.09625
2005-09-19,2.09438
2005-09-20,2.09313
2005-09-21,2.09438
2005-09-22,2.09313
2005-09-23,2.09313
2005-09-26,2.095
2005-09-27,2.09625
2005-09-28,2.10031
2005-09-29,2.10625
2005-09-30,2.1728099999999997
2005-10-03,2.1
2005-10-04,2.10281
2005-10-05,2.10625
2005-10-06,2.1125
2005-10-07,2.00094
2005-10-10,1.99656
2005-10-11,2.0375
2005-10-12,2.0975
2005-10-13,2.095
2005-10-14,2.09438
2005-10-17,2.0975
2005-10-18,2.0975
2005-10-19,2.09375
2005-10-20,2.0918799999999997
2005-10-21,2.0918799999999997
2005-10-24,2.09344
2005-10-25,2.09531
2005-10-26,2.0925
2005-10-27,2.0909400000000002
2005-10-28,2.09344
2005-10-31,2.11125
2005-11-01,2.08875
2005-11-02,2.08375
2005-11-03,2.08875
2005-11-04,2.11
2005-11-07,2.105
2005-11-08,1.97
2005-11-09,2.09625
2005-11-10,2.09313
2005-11-11,2.095
2005-11-14,2.09375
2005-11-15,2.09625
2005-11-16,2.095
2005-11-17,2.09469
2005-11-18,2.095
2005-11-21,2.1125
2005-11-22,2.16813
2005-11-23,2.2175
2005-11-24,2.1775
2005-11-25,2.125
2005-11-28,2.12375
2005-11-29,2.11875
2005-11-30,1.99
2005-12-01,2.1
2005-12-02,1.91313
2005-12-05,1.8875
2005-12-06,2.3375
2005-12-07,2.3384400000000003
2005-12-08,2.3375
2005-12-09,2.33625
2005-12-12,2.33625
2005-12-13,2.33813
2005-12-14,2.3375
2005-12-15,2.33688
2005-12-16,2.3384400000000003
2005-12-19,2.34625
2005-12-20,2.34469
2005-12-21,2.34594
2005-12-22,2.4275
2005-12-23,2.37563
2005-12-26,
2005-12-27,
2005-12-28,2.3725
2005-12-29,2.36219
2005-12-30,2.40625
2006-01-02,2.365
2006-01-03,2.36125
2006-01-04,2.35469
2006-01-05,2.35188
2006-01-06,2.35375
2006-01-09,2.35563
2006-01-10,2.35375
2006-01-11,2.3525
2006-01-12,2.3475
2006-01-13,2.2353099999999997
2006-01-16,2.3265599999999997
2006-01-17,2.3175
2006-01-18,2.34625
2006-01-19,2.34625
2006-01-20,2.34375
2006-01-23,2.34469
2006-01-24,2.34438
2006-01-25,2.34156
2006-01-26,2.34469
2006-01-27,2.34594
2006-01-30,2.34313
2006-01-31,2.35125
2006-02-01,2.34844
2006-02-02,2.35125
2006-02-03,2.41875
2006-02-06,2.3896900000000003
2006-02-07,2.35188
2006-02-08,2.35094
2006-02-09,2.35125
2006-02-10,2.3525
2006-02-13,2.35281
2006-02-14,2.35125
2006-02-15,2.3506299999999998
2006-02-16,2.35188
2006-02-17,2.3531299999999997
2006-02-20,2.35438
2006-02-21,2.35188
2006-02-22,2.35375
2006-02-23,2.35875
2006-02-24,2.365
2006-02-27,2.3675
2006-02-28,2.415
2006-03-01,2.3803099999999997
2006-03-02,2.3825
2006-03-03,2.3871900000000004
2006-03-06,2.325
2006-03-07,2.14
2006-03-08,2.59625
2006-03-09,2.5975
2006-03-10,2.59375
2006-03-13,2.595
2006-03-14,2.5975
2006-03-15,2.6
2006-03-16,2.6
2006-03-17,2.5975
2006-03-20,2.59625
2006-03-21,2.59625
2006-03-22,2.5975
2006-03-23,2.5975
2006-03-24,2.59563
2006-03-27,2.59875
2006-03-28,2.59875
2006-03-29,2.6
2006-03-30,2.6
2006-03-31,2.6478099999999998
2006-04-03,2.6
2006-04-04,2.60438
2006-04-05,2.63313
2006-04-06,2.71
2006-04-07,2.71938
2006-04-10,2.7525
2006-04-11,2.62
2006-04-12,2.60375
2006-04-13,2.61625
2006-04-14,
2006-04-17,
2006-04-18,2.61938
2006-04-19,2.62125
2006-04-20,2.6225
2006-04-21,2.6325
2006-04-24,2.62625
2006-04-25,2.6318799999999998
2006-04-26,2.63875
2006-04-27,2.63375
2006-04-28,2.665
2006-05-01,
2006-05-02,2.635
2006-05-03,2.61875
2006-05-04,2.49625
2006-05-05,2.44
2006-05-08,2.41938
2006-05-09,2.58
2006-05-10,2.6025
2006-05-11,2.61625
2006-05-12,2.6175
2006-05-15,2.62063
2006-05-16,2.6175
2006-05-17,2.61625
2006-05-18,2.6118799999999998
2006-05-19,2.61344
2006-05-22,2.6118799999999998
2006-05-23,2.6118799999999998
2006-05-24,2.6118799999999998
2006-05-25,2.6125
2006-05-26,2.6118799999999998
2006-05-29,2.61125
2006-05-30,2.6118799999999998
2006-05-31,2.62875
2006-06-01,2.61563
2006-06-02,2.61313
2006-06-05,2.58875
2006-06-06,2.5675
2006-06-07,2.4825
2006-06-08,2.4878099999999996
2006-06-09,2.47531
2006-06-12,2.51875
2006-06-13,2.54981
2006-06-14,2.53938
2006-06-15,2.85438
2006-06-16,2.85563
2006-06-19,2.85688
2006-06-20,2.85438
2006-06-21,2.85188
2006-06-22,2.85
2006-06-23,2.8475
2006-06-26,2.84875
2006-06-27,2.85125
2006-06-28,2.8525
2006-06-29,2.85
2006-06-30,2.91625
2006-07-03,2.84125
2006-07-04,2.83625
2006-07-05,2.82125
2006-07-06,2.81875
2006-07-07,2.81
2006-07-10,2.7925
2006-07-11,2.79188
2006-07-12,2.8425
2006-07-13,2.84375
2006-07-14,2.845
2006-07-17,2.845
2006-07-18,2.84313
2006-07-19,2.8418799999999997
2006-07-20,2.84063
2006-07-21,2.83938
2006-07-24,2.84
2006-07-25,2.8375
2006-07-26,2.8325
2006-07-27,2.82813
2006-07-28,2.79719
2006-07-31,2.80375
2006-08-01,2.8
2006-08-02,2.78625
2006-08-03,2.78125
2006-08-04,2.73
2006-08-07,2.69938
2006-08-08,2.78125
2006-08-09,3.08313
2006-08-10,3.08281
2006-08-11,3.08281
2006-08-14,3.08313
2006-08-15,3.08188
2006-08-16,3.08375
2006-08-17,3.08188
2006-08-18,3.08188
2006-08-21,3.085
2006-08-22,3.08313
2006-08-23,3.07563
2006-08-24,3.0484400000000003
2006-08-25,3.0259400000000003
2006-08-28,3.0325
2006-08-29,3.0293799999999997
2006-08-30,3.02875
2006-08-31,3.0484400000000003
2006-09-01,3.04094
2006-09-04,3.01688
2006-09-05,3.03125
2006-09-06,3.07375
2006-09-07,3.07156
2006-09-08,3.07156
2006-09-11,3.0718799999999997
2006-09-12,3.07063
2006-09-13,3.07219
2006-09-14,3.0675
2006-09-15,3.0675
2006-09-18,3.06438
2006-09-19,3.05938
2006-09-20,3.05313
2006-09-21,3.04188
2006-09-22,3.03281
2006-09-25,3.03063
2006-09-26,3.03219
2006-09-27,3.055
2006-09-28,3.06625
2006-09-29,3.12531
2006-10-02,3.0675
2006-10-03,3.09625
2006-10-04,3.21625
2006-10-05,3.26188
2006-10-06,3.29
2006-10-09,3.23563
2006-10-10,3.11313
2006-10-11,3.3281300000000003
2006-10-12,3.33063
2006-10-13,3.3293800000000005
2006-10-16,3.3293800000000005
2006-10-17,3.33375
2006-10-18,3.33625
2006-10-19,3.33625
2006-10-20,3.34125
2006-10-23,3.345
2006-10-24,3.3431300000000004
2006-10-25,3.3518800000000004
2006-10-26,3.35313
2006-10-27,3.3656300000000003
2006-10-30,3.36531
2006-10-31,3.3993800000000003
2006-11-01,3.345
2006-11-02,3.3675
2006-11-03,3.38469
2006-11-06,3.3425
2006-11-07,3.3481300000000003
2006-11-08,3.34875
2006-11-09,3.345
2006-11-10,3.3493800000000005
2006-11-13,3.34625
2006-11-14,3.34625
2006-11-15,3.34375
2006-11-16,3.34125
2006-11-17,3.3368800000000003
2006-11-20,3.33313
2006-11-21,3.33125
2006-11-22,3.335
2006-11-23,3.33313
2006-11-24,3.3343800000000003
2006-11-27,3.3325
2006-11-28,3.3325
2006-11-29,3.33125
2006-11-30,3.35375
2006-12-01,3.335
2006-12-04,3.33063
2006-12-05,3.3318800000000004
2006-12-06,3.32844
2006-12-07,3.2981300000000005
2006-12-08,3.32625
2006-12-11,3.335
2006-12-12,3.4125
2006-12-13,3.585
2006-12-14,3.58625
2006-12-15,3.6043800000000004
2006-12-18,3.61125
2006-12-19,3.6175
2006-12-20,3.63
2006-12-21,3.69625
2006-12-22,3.745
2006-12-25,
2006-12-26,
2006-12-27,3.7043800000000005
2006-12-28,3.6831300000000002
2006-12-29,3.6821300000000003
2007-01-01,
2007-01-02,3.615
2007-01-03,3.61375
2007-01-04,3.6131300000000004
2007-01-05,3.60563
2007-01-08,3.59625
2007-01-09,3.58275
2007-01-10,3.55375
2007-01-11,3.5421300000000002
2007-01-12,3.51875
2007-01-15,3.525
2007-01-16,3.5175
2007-01-17,3.58625
2007-01-18,3.58375
2007-01-19,3.584
2007-01-22,3.58375
2007-01-23,3.5833800000000005
2007-01-24,3.58313
2007-01-25,3.58313
2007-01-26,3.5833800000000005
2007-01-29,3.58275
2007-01-30,3.58275
2007-01-31,3.59
2007-02-01,3.58375
2007-02-02,3.58313
2007-02-05,3.575
2007-02-06,3.5668800000000003
2007-02-07,3.55438
2007-02-08,3.545
2007-02-09,3.5568800000000005
2007-02-12,3.5568800000000005
2007-02-13,3.57838
2007-02-14,3.58063
2007-02-15,3.58313
2007-02-16,3.5843800000000003
2007-02-19,3.585
2007-02-20,3.5793800000000005
2007-02-21,3.58125
2007-02-22,3.58025
2007-02-23,3.58125
2007-02-26,3.5775
2007-02-27,3.5775
2007-02-28,3.59375
2007-03-01,3.57875
2007-03-02,3.58063
2007-03-05,3.5756300000000003
2007-03-06,3.5725
2007-03-07,3.5681300000000005
2007-03-08,3.55588
2007-03-09,3.539
2007-03-12,3.5331300000000003
2007-03-13,3.29875
2007-03-14,3.8325
2007-03-15,3.8321300000000003
2007-03-16,3.82875
2007-03-19,3.8275
2007-03-20,3.8256300000000003
2007-03-21,3.8256300000000003
2007-03-22,3.8256300000000003
2007-03-23,3.8225
2007-03-26,3.82438
2007-03-27,3.82625
2007-03-28,3.825
2007-03-29,3.84375
2007-03-30,3.94
2007-04-02,3.8425
2007-04-03,3.8493800000000005
2007-04-04,3.8525
2007-04-05,3.88375
2007-04-06,
2007-04-09,
2007-04-10,3.8381300000000005
2007-04-11,3.83625
2007-04-12,3.83313
2007-04-13,3.74813
2007-04-16,3.695
2007-04-17,3.80338
2007-04-18,3.835
2007-04-19,3.83625
2007-04-20,3.83875
2007-04-23,3.83875
2007-04-24,3.83875
2007-04-25,3.8425
2007-04-26,3.8475
2007-04-27,3.844
2007-04-30,3.88375
2007-05-01,
2007-05-02,3.84625
2007-05-03,3.84688
2007-05-04,3.8496300000000003
2007-05-07,3.8425
2007-05-08,3.8393800000000002
2007-05-09,3.73525
2007-05-10,3.64
2007-05-11,3.70525
2007-05-14,3.44375
2007-05-15,3.8425
2007-05-16,3.84375
2007-05-17,3.8425
2007-05-18,3.84188
2007-05-21,3.84125
2007-05-22,3.84375
2007-05-23,3.84375
2007-05-24,3.8425
2007-05-25,3.8421300000000005
2007-05-28,3.83963
2007-05-29,3.8406300000000004
2007-05-30,3.8375
2007-05-31,3.86375
2007-06-01,3.8206300000000004
2007-06-04,3.7825
2007-06-05,3.749
2007-06-06,3.6843800000000004
2007-06-07,3.715
2007-06-08,3.89025
2007-06-11,3.805
2007-06-12,3.85625
2007-06-13,4.09063
2007-06-14,4.08875
2007-06-15,4.0835
2007-06-18,4.083130000000001
2007-06-19,4.08063
2007-06-20,4.07625
2007-06-21,4.07563
2007-06-22,4.07375
2007-06-25,4.078130000000001
2007-06-26,4.08438
2007-06-27,4.085
2007-06-28,4.086880000000001
2007-06-29,4.1475
2007-07-02,4.0793800000000005
2007-07-03,4.069380000000001
2007-07-04,4.02
2007-07-05,4.074380000000001
2007-07-06,4.08063
2007-07-09,4.07875
2007-07-10,4.085
2007-07-11,4.0825
2007-07-12,4.08438
2007-07-13,4.08438
2007-07-16,4.08025
2007-07-17,4.08025
2007-07-18,4.07963
2007-07-19,4.07713
2007-07-20,4.0793800000000005
2007-07-23,4.08275
2007-07-24,4.08
2007-07-25,4.08063
2007-07-26,4.079
2007-07-27,4.07188
2007-07-30,4.06438
2007-07-31,4.09313
2007-08-01,4.06463
2007-08-02,4.06
2007-08-03,4.06688
2007-08-06,4.0725
2007-08-07,4.32188
2007-08-08,4.109
2007-08-09,4.3125
2007-08-10,4.205
2007-08-13,4.1325
2007-08-14,4.09625
2007-08-15,4.0375
2007-08-16,4.03125
2007-08-17,4.0375
2007-08-20,4.0425
2007-08-21,4.0325
2007-08-22,4.04125
2007-08-23,4.04125
2007-08-24,4.01375
2007-08-27,3.88625
2007-08-28,3.86125
2007-08-29,4.05375
2007-08-30,4.1425
2007-08-31,4.32125
2007-09-03,4.1525
2007-09-04,4.43625
2007-09-05,4.685
2007-09-06,4.13125
2007-09-07,3.99625
2007-09-10,3.50625
2007-09-11,4.17375
2007-09-12,4.14625
2007-09-13,4.0125
2007-09-14,3.675
2007-09-17,3.56875
2007-09-18,3.7725
2007-09-19,4.14625
2007-09-20,4.03875
2007-09-21,4.085
2007-09-24,4.10125
2007-09-25,4.2475
2007-09-26,4.3525
2007-09-27,4.16625
2007-09-28,4.22875
2007-10-01,3.9275
2007-10-02,3.9225
2007-10-03,3.8425
2007-10-04,3.84875
2007-10-05,3.8475
2007-10-08,3.705
2007-10-09,4.02
2007-10-10,3.9425
2007-10-11,3.85125
2007-10-12,4.03125
2007-10-15,4.0075
2007-10-16,4.02125
2007-10-17,4.05125
2007-10-18,4.0625
2007-10-19,4.04875
2007-10-22,4.05375
2007-10-23,4.0525
2007-10-24,4.05125
2007-10-25,4.0525
2007-10-26,4.05125
2007-10-29,4.05875
2007-10-30,4.05875
2007-10-31,4.14375
2007-11-01,4.08375
2007-11-02,4.08625
2007-11-05,4.07375
2007-11-06,4.06875
2007-11-07,4.06375
2007-11-08,4.0625
2007-11-09,4.01375
2007-11-12,3.82875
2007-11-13,3.59375
2007-11-14,4.055
2007-11-15,4.055630000000001
2007-11-16,4.0625
2007-11-19,4.065
2007-11-20,4.0875
2007-11-21,4.09625
2007-11-22,4.11625
2007-11-23,4.123130000000001
2007-11-26,4.09
2007-11-27,4.05625
2007-11-28,3.98875
2007-11-29,3.99375
2007-11-30,4.07625
2007-12-03,3.99625
2007-12-04,3.9725
2007-12-05,3.855
2007-12-06,3.7975
2007-12-07,3.9575
2007-12-10,3.85
2007-12-11,4.05
2007-12-12,4.055
2007-12-13,4.04625
2007-12-14,3.85875
2007-12-17,3.98875
2007-12-18,3.8275
2007-12-19,3.86125
2007-12-20,4.01875
2007-12-21,3.92625
2007-12-24,3.95375
2007-12-25,
2007-12-26,
2007-12-27,3.93875
2007-12-28,3.81875
2007-12-31,3.675
2008-01-01,
2008-01-02,3.83125
2008-01-03,3.86875
2008-01-04,4.0925
2008-01-07,4.115
2008-01-08,4.1325
2008-01-09,4.18125
2008-01-10,4.03375
2008-01-11,3.90375
2008-01-14,3.8975
2008-01-15,4.0375
2008-01-16,4.0425
2008-01-17,4.02875
2008-01-18,3.9975
2008-01-21,4.0
2008-01-22,4.00625
2008-01-23,3.9975
2008-01-24,4.00625
2008-01-25,4.01875
2008-01-28,4.02813
2008-01-29,4.05438
2008-01-30,4.145
2008-01-31,4.17375
2008-02-01,4.12
2008-02-04,4.0925
2008-02-05,4.035
2008-02-06,4.035
2008-02-07,4.02875
2008-02-08,4.0125
2008-02-11,4.0
2008-02-12,4.05
2008-02-13,4.03125
2008-02-14,4.025
2008-02-15,4.02125
2008-02-18,4.02375
2008-02-19,4.0275
2008-02-20,4.0225
2008-02-21,4.02375
2008-02-22,4.025
2008-02-25,4.02375
2008-02-26,4.02125
2008-02-27,4.0225
2008-02-28,4.01875
2008-02-29,4.0625
2008-03-03,4.02375
2008-03-04,4.02375
2008-03-05,4.0225
2008-03-06,4.02625
2008-03-07,4.03125
2008-03-10,4.10125
2008-03-11,4.17875
2008-03-12,4.055
2008-03-13,4.04625
2008-03-14,4.04125
2008-03-17,4.055
2008-03-18,4.12125
2008-03-19,4.2
2008-03-20,4.20125
2008-03-21,
2008-03-24,
2008-03-25,4.22875
2008-03-26,4.2075
2008-03-27,4.16375
2008-03-28,4.09375
2008-03-31,4.185
2008-04-01,4.0575
2008-04-02,4.0475
2008-04-03,4.0475
2008-04-04,3.96
2008-04-07,3.96
2008-04-08,3.93875
2008-04-09,4.03625
2008-04-10,4.03125
2008-04-11,4.02
2008-04-14,4.02
2008-04-15,3.9
2008-04-16,4.01
2008-04-17,4.00125
2008-04-18,3.9625
2008-04-21,3.8875
2008-04-22,3.9125
2008-04-23,3.97
2008-04-24,4.03125
2008-04-25,4.055
2008-04-28,4.08375
2008-04-29,4.105
2008-04-30,4.2375
2008-05-01,
2008-05-02,4.0825
2008-05-05,4.08
2008-05-06,4.0775
2008-05-07,4.06125
2008-05-08,4.03125
2008-05-09,3.84
2008-05-12,3.7275
2008-05-13,4.02125
2008-05-14,4.02625
2008-05-15,4.01375
2008-05-16,4.00625
2008-05-19,4.00625
2008-05-20,3.99875
2008-05-21,3.99
2008-05-22,4.01
2008-05-23,4.00875
2008-05-26,4.045
2008-05-27,4.06125
2008-05-28,4.08125
2008-05-29,4.12625
2008-05-30,4.15375
2008-06-02,4.05375
2008-06-03,4.05
2008-06-04,4.01125
2008-06-05,4.0025
2008-06-06,3.98375
2008-06-09,3.98125
2008-06-10,4.1075
2008-06-11,4.04625
2008-06-12,4.03875
2008-06-13,4.0325
2008-06-16,4.03625
2008-06-17,4.03375
2008-06-18,4.025
2008-06-19,4.01875
2008-06-20,4.005
2008-06-23,4.0025
2008-06-24,4.00375
2008-06-25,3.97
2008-06-26,3.91125
2008-06-27,3.7425
2008-06-30,4.20875
2008-07-01,3.92875
2008-07-02,3.935
2008-07-03,3.93375
2008-07-04,3.93125
2008-07-07,3.92125
2008-07-08,3.8125
2008-07-09,4.2875
2008-07-10,4.28875
2008-07-11,4.275
2008-07-14,4.27125
2008-07-15,4.28
2008-07-16,4.2825
2008-07-17,4.285
2008-07-18,4.27625
2008-07-21,4.28375
2008-07-22,4.28375
2008-07-23,4.293130000000001
2008-07-24,4.2975
2008-07-25,4.29125
2008-07-28,4.29375
2008-07-29,4.29438
2008-07-30,4.29375
2008-07-31,4.3725
2008-08-01,4.29125
2008-08-04,4.29
2008-08-05,4.30125
2008-08-06,4.3
2008-08-07,4.30875
2008-08-08,4.30625
2008-08-11,4.3
2008-08-12,4.32875
2008-08-13,4.30375
2008-08-14,4.296880000000001
2008-08-15,4.29375
2008-08-18,4.295
2008-08-19,4.29625
2008-08-20,4.275
2008-08-21,4.265
2008-08-22,4.265630000000001
2008-08-25,4.27
2008-08-26,4.27625
2008-08-27,4.29375
2008-08-28,4.2975
2008-08-29,4.36875
2008-09-01,4.30125
2008-09-02,4.3025
2008-09-03,4.30813
2008-09-04,4.3075
2008-09-05,4.31
2008-09-08,4.30375
2008-09-09,3.9625
2008-09-10,4.30375
2008-09-11,4.3
2008-09-12,4.295
2008-09-15,4.49375
2008-09-16,4.4175
2008-09-17,4.425
2008-09-18,4.34875
2008-09-19,4.43625
2008-09-22,4.40625
2008-09-23,4.4125
2008-09-24,4.375
2008-09-25,4.38
2008-09-26,4.06875
2008-09-29,3.7125
2008-09-30,4.44875
2008-10-01,4.26875
2008-10-02,4.16125
2008-10-03,4.105
2008-10-06,4.27375
2008-10-07,4.4875
2008-10-08,4.35
2008-10-09,3.93625
2008-10-10,3.8925
2008-10-13,3.775
2008-10-14,3.75
2008-10-15,3.73625
2008-10-16,3.75
2008-10-17,3.66125
2008-10-20,3.5725
2008-10-21,3.555
2008-10-22,3.5675
2008-10-23,3.55625
2008-10-24,3.54875
2008-10-27,3.5625
2008-10-28,3.53875
2008-10-29,3.54
2008-10-30,3.53375
2008-10-31,3.55375
2008-11-03,3.5375
2008-11-04,3.5
2008-11-05,3.49375
2008-11-06,3.4625
2008-11-07,3.425
2008-11-10,3.435
2008-11-11,3.74875
2008-11-12,3.16875
2008-11-13,3.07875
2008-11-14,3.05125
2008-11-17,3.00625
2008-11-18,2.97625
2008-11-19,2.93375
2008-11-20,2.90375
2008-11-21,2.89
2008-11-24,2.9
2008-11-25,2.90125
2008-11-26,2.9
2008-11-27,2.90375
2008-11-28,2.94375
2008-12-01,2.925
2008-12-02,2.9
2008-12-03,2.90375
2008-12-04,2.89
2008-12-05,2.8725
2008-12-08,2.865
2008-12-09,2.94
2008-12-10,2.325
2008-12-11,2.2775
2008-12-12,2.275
2008-12-15,2.24375
2008-12-16,2.20375
2008-12-17,2.195
2008-12-18,2.1625
2008-12-19,2.135
2008-12-22,2.1425
2008-12-23,2.115
2008-12-24,2.1775
2008-12-25,
2008-12-26,
2008-12-29,2.14375
2008-12-30,2.125
2008-12-31,2.2075
2009-01-01,
2009-01-02,2.1425
2009-01-05,2.11375
2009-01-06,2.10625
2009-01-07,2.1
2009-01-08,2.09
2009-01-09,2.07125
2009-01-12,2.07
2009-01-13,2.0625
2009-01-14,2.05875
2009-01-15,2.04875
2009-01-16,2.03625
2009-01-19,2.03625
2009-01-20,2.0775
2009-01-21,1.40625
2009-01-22,1.14375
2009-01-23,1.125
2009-01-26,1.115
2009-01-27,1.11125
2009-01-28,1.10125
2009-01-29,1.12125
2009-01-30,1.175
2009-02-02,1.1275
2009-02-03,1.125
2009-02-04,1.1175
2009-02-05,1.11625
2009-02-06,1.12125
2009-02-09,1.1175
2009-02-10,1.21125
2009-02-11,1.17375
2009-02-12,1.15875
2009-02-13,1.145
2009-02-16,1.13125
2009-02-17,1.14375
2009-02-18,1.1475
2009-02-19,1.1825
2009-02-20,1.1775
2009-02-23,1.18875
2009-02-24,1.19125
2009-02-25,1.1825
2009-02-26,1.1925
2009-02-27,1.25
2009-03-02,1.19125
2009-03-03,1.19375
2009-03-04,1.2
2009-03-05,1.19375
2009-03-06,1.18688
2009-03-09,1.17375
2009-03-10,1.21375
2009-03-11,0.77375
2009-03-12,0.79
2009-03-13,0.78688
2009-03-16,0.7793800000000001
2009-03-17,0.77875
2009-03-18,0.8025
2009-03-19,0.80375
2009-03-20,0.81625
2009-03-23,0.8343799999999999
2009-03-24,0.8675
2009-03-25,0.87625
2009-03-26,0.87375
2009-03-27,0.885
2009-03-30,0.91625
2009-03-31,1.3175
2009-04-01,0.8725
2009-04-02,0.85625
2009-04-03,0.80625
2009-04-06,0.76125
2009-04-07,0.79875
2009-04-08,0.7725
2009-04-09,0.84125
2009-04-10,
2009-04-13,
2009-04-14,0.79875
2009-04-15,0.795
2009-04-16,0.82875
2009-04-17,0.86375
2009-04-20,0.85875
2009-04-21,0.85
2009-04-22,0.84625
2009-04-23,0.79875
2009-04-24,0.61
2009-04-27,0.53625
2009-04-28,0.4975
2009-04-29,0.47125
2009-04-30,0.4975
2009-05-01,
2009-05-04,0.48125
2009-05-05,0.4675
2009-05-06,0.455
2009-05-07,0.44
2009-05-08,0.42625
2009-05-11,0.41125
2009-05-12,0.725
2009-05-13,0.59125
2009-05-14,0.5575
2009-05-15,0.5475
2009-05-18,0.56375
2009-05-19,0.63625
2009-05-20,0.83625
2009-05-21,0.9375
2009-05-22,0.93125
2009-05-25,0.99375
2009-05-26,0.9775
2009-05-27,0.9075
2009-05-28,0.8525
2009-05-29,0.825
2009-06-01,0.70375
2009-06-02,0.62
2009-06-03,0.54125
2009-06-04,0.5475
2009-06-05,0.54125
2009-06-08,0.5
2009-06-09,0.7875
2009-06-10,0.79375
2009-06-11,0.79
2009-06-12,0.75875
2009-06-15,0.76625
2009-06-16,0.8025
2009-06-17,0.8025
2009-06-18,0.7875
2009-06-19,0.74875
2009-06-22,0.72
2009-06-23,0.685
2009-06-24,1.275
2009-06-25,0.34625
2009-06-26,0.31
2009-06-29,0.28938
2009-06-30,0.30875
2009-07-01,0.27313000000000004
2009-07-02,0.2725
2009-07-03,0.26625
2009-07-06,0.2725
2009-07-07,0.4325
2009-07-08,0.28125
2009-07-09,0.265
2009-07-10,0.26875
2009-07-13,0.27625
2009-07-14,0.275
2009-07-15,0.28063
2009-07-16,0.28313
2009-07-17,0.27313000000000004
2009-07-20,0.27688
2009-07-21,0.27438
2009-07-22,0.27438
2009-07-23,0.27313000000000004
2009-07-24,0.26938
2009-07-27,0.2675
2009-07-28,0.2675
2009-07-29,0.26938
2009-07-30,0.26813000000000003
2009-07-31,0.28375
2009-08-03,0.26813000000000003
2009-08-04,0.26813000000000003
2009-08-05,0.26813000000000003
2009-08-06,0.2675
2009-08-07,0.26438
2009-08-10,0.2675
2009-08-11,0.37125
2009-08-12,0.2725
2009-08-13,0.27188
2009-08-14,0.27188
2009-08-17,0.2675
2009-08-18,0.27
2009-08-19,0.27
2009-08-20,0.2725
2009-08-21,0.2725
2009-08-24,0.27
2009-08-25,0.2675
2009-08-26,0.26875
2009-08-27,0.26875
2009-08-28,0.26875
2009-08-31,0.28188
2009-09-01,0.27875
2009-09-02,0.2725
2009-09-03,0.275
2009-09-04,0.2725
2009-09-07,0.2725
2009-09-08,0.4825
2009-09-09,0.27
2009-09-10,0.26875
2009-09-11,0.27
2009-09-14,0.27375
2009-09-15,0.275
2009-09-16,0.27375
2009-09-17,0.275
2009-09-18,0.27625
2009-09-21,0.27875
2009-09-22,0.28375
2009-09-23,0.28125
2009-09-24,0.28375
2009-09-25,0.2825
2009-09-28,0.28
2009-09-29,0.28125
2009-09-30,0.45625
2009-10-01,0.28225
2009-10-02,0.28075
2009-10-05,0.27575
2009-10-06,0.27075
2009-10-07,0.27075
2009-10-08,0.272
2009-10-09,0.27075
2009-10-12,0.272
2009-10-13,0.5375
2009-10-14,0.27625
2009-10-15,0.2775
2009-10-16,0.27875
2009-10-19,0.27875
2009-10-20,0.28
2009-10-21,0.27875
2009-10-22,0.28125
2009-10-23,0.27875
2009-10-26,0.28375
2009-10-27,0.27875
2009-10-28,0.2775
2009-10-29,0.27875
2009-10-30,0.3075
2009-11-02,0.28625
2009-11-03,0.28375
2009-11-04,0.28375
2009-11-05,0.28125
2009-11-06,0.2825
2009-11-09,0.28063
2009-11-10,0.575
2009-11-11,0.29188000000000003
2009-11-12,0.29438000000000003
2009-11-13,0.29563
2009-11-16,0.29938000000000003
2009-11-17,0.30313
2009-11-18,0.30563
2009-11-19,0.3125
2009-11-20,0.31125
2009-11-23,0.31
2009-11-24,0.31
2009-11-25,0.3075
2009-11-26,0.30875
2009-11-27,0.30875
2009-11-30,0.38625
2009-12-01,0.3075
2009-12-02,0.30375
2009-12-03,0.3
2009-12-04,0.3025
2009-12-07,0.6925
2009-12-08,0.30875
2009-12-09,0.30875
2009-12-10,0.31
2009-12-11,0.30875
2009-12-14,0.31375
2009-12-15,0.31375
2009-12-16,0.30875
2009-12-17,0.3
2009-12-18,0.29625
2009-12-21,0.29375
2009-12-22,0.29125
2009-12-23,0.28875
2009-12-24,0.2875
2009-12-25,
2009-12-28,0.28875
2009-12-29,0.285
2009-12-30,0.28375
2009-12-31,0.29125
2010-01-01,
2010-01-04,0.28
2010-01-05,0.2775
2010-01-06,0.27625
2010-01-07,0.2775
2010-01-08,0.27625
2010-01-11,0.275
2010-01-12,0.27625
2010-01-13,0.27625
2010-01-14,0.275
2010-01-15,0.275
2010-01-18,0.27625
2010-01-19,0.615
2010-01-20,0.2825
2010-01-21,0.28375
2010-01-22,0.28625
2010-01-25,0.285
2010-01-26,0.28563
2010-01-27,0.28125
2010-01-28,0.28125
2010-01-29,0.28688
2010-02-01,0.28125
2010-02-02,0.28125
2010-02-03,0.28125
2010-02-04,0.28125
2010-02-05,0.28125
2010-02-08,0.28125
2010-02-09,0.6175
2010-02-10,0.28438
2010-02-11,0.2825
2010-02-12,0.2825
2010-02-15,0.285
2010-02-16,0.285
2010-02-17,0.285
2010-02-18,0.28313
2010-02-19,0.28313
2010-02-22,0.28313
2010-02-23,0.28313
2010-02-24,0.28125
2010-02-25,0.28
2010-02-26,0.2825
2010-03-01,0.28125
2010-03-02,0.28
2010-03-03,0.28
2010-03-04,0.27875
2010-03-05,0.27875
2010-03-08,0.2775
2010-03-09,0.6375
2010-03-10,0.28
2010-03-11,0.2825
2010-03-12,0.27875
2010-03-15,0.28
2010-03-16,0.2775
2010-03-17,0.27875
2010-03-18,0.27875
2010-03-19,0.28063
2010-03-22,0.28
2010-03-23,0.27938
2010-03-24,0.27938
2010-03-25,0.27938
2010-03-26,0.27938
2010-03-29,0.27938
2010-03-30,0.27938
2010-03-31,0.28875
2010-04-01,0.28125
2010-04-02,
2010-04-05,
2010-04-06,0.28
2010-04-07,0.28
2010-04-08,0.28
2010-04-09,0.28
2010-04-12,0.28063
2010-04-13,0.64625
2010-04-14,0.27875
2010-04-15,0.27875
2010-04-16,0.27813000000000004
2010-04-19,0.27813000000000004
2010-04-20,0.27813000000000004
2010-04-21,0.27813000000000004
2010-04-22,0.27813000000000004
2010-04-23,0.27688
2010-04-26,0.27563000000000004
2010-04-27,0.27938
2010-04-28,0.27688
2010-04-29,0.27625
2010-04-30,0.28
2010-05-03,0.27875
2010-05-04,0.2775
2010-05-05,0.27875
2010-05-06,0.28
2010-05-07,0.2775
2010-05-10,0.27875
2010-05-11,0.6125
2010-05-12,0.2775
2010-05-13,0.2775
2010-05-14,0.2775
2010-05-17,0.2775
2010-05-18,0.2775
2010-05-19,0.2775
2010-05-20,0.2775
2010-05-21,0.2775
2010-05-24,0.2775
2010-05-25,0.27875
2010-05-26,0.27875
2010-05-27,0.275
2010-05-28,0.275
2010-05-31,
2010-06-01,0.275
2010-06-02,0.275
2010-06-03,0.27375
2010-06-04,0.2725
2010-06-07,0.27125
2010-06-08,0.27375
2010-06-09,0.2725
2010-06-10,0.2725
2010-06-11,0.2725
2010-06-14,0.27375
2010-06-15,0.595
2010-06-16,0.27375
2010-06-17,0.27375
2010-06-18,0.27375
2010-06-21,0.27375
2010-06-22,0.27375
2010-06-23,0.2725
2010-06-24,0.27375
2010-06-25,0.27375
2010-06-28,0.27375
2010-06-29,0.275
2010-06-30,0.35625
2010-07-01,0.35625
2010-07-02,0.3325
2010-07-05,0.315
2010-07-06,0.315
2010-07-07,0.31625
2010-07-08,0.31125
2010-07-09,0.31375
2010-07-12,0.31625
2010-07-13,0.6425
2010-07-14,0.32125
2010-07-15,0.375
2010-07-16,0.43375
2010-07-19,0.46125
2010-07-20,0.4425
2010-07-21,0.43125
2010-07-22,0.43
2010-07-23,0.42875
2010-07-26,0.42875
2010-07-27,0.42125
2010-07-28,0.42125
2010-07-29,0.38125
2010-07-30,0.35625
2010-08-02,0.35
2010-08-03,0.35
2010-08-04,0.34438
2010-08-05,0.34375
2010-08-06,0.34313
2010-08-09,0.34313
2010-08-10,0.6875
2010-08-11,0.37625
2010-08-12,0.37125
2010-08-13,0.37625
2010-08-16,0.3825
2010-08-17,0.38
2010-08-18,0.37375
2010-08-19,0.37
2010-08-20,0.37125
2010-08-23,0.37
2010-08-24,0.36875
2010-08-25,0.36375
2010-08-26,0.35969
2010-08-27,0.35969
2010-08-30,0.35969
2010-08-31,0.3575
2010-09-01,0.3525
2010-09-02,0.35
2010-09-03,0.35125
2010-09-06,0.3475
2010-09-07,0.6875
2010-09-08,0.35625
2010-09-09,0.35375
2010-09-10,0.35375
2010-09-13,0.355
2010-09-14,0.36313
2010-09-15,0.37875
2010-09-16,0.38938
2010-09-17,0.39313000000000003
2010-09-20,0.39438
2010-09-21,0.38938
2010-09-22,0.38188
2010-09-23,0.38
2010-09-24,0.3775
2010-09-27,0.37
2010-09-28,0.36625
2010-09-29,0.36125
2010-09-30,0.60625
2010-10-01,0.61875
2010-10-04,0.59
2010-10-05,0.5025
2010-10-06,0.395
2010-10-07,0.3725
2010-10-08,0.36375
2010-10-11,0.3575
2010-10-12,0.72625
2010-10-13,0.66375
2010-10-14,0.65875
2010-10-15,0.665
2010-10-18,0.6775
2010-10-19,0.7025
2010-10-20,0.74625
2010-10-21,0.76
2010-10-22,0.77
2010-10-25,0.76125
2010-10-26,0.75875
2010-10-27,0.74875
2010-10-28,0.70875
2010-10-29,0.6925
2010-11-01,0.6825
2010-11-02,0.6375
2010-11-03,0.58125
2010-11-04,0.45
2010-11-05,0.3575
2010-11-08,0.335
2010-11-09,0.76625
2010-11-10,0.745
2010-11-11,0.74
2010-11-12,0.73125
2010-11-15,0.72625
2010-11-16,0.7025
2010-11-17,0.66125
2010-11-18,0.5725
2010-11-19,0.5
2010-11-22,0.4525
2010-11-23,0.44375
2010-11-24,0.4225
2010-11-25,0.4
2010-11-26,0.3925
2010-11-29,0.38875
2010-11-30,0.44875
2010-12-01,0.41125
2010-12-02,0.41
2010-12-03,0.38375
2010-12-06,0.36375
2010-12-07,0.72
2010-12-08,0.66375
2010-12-09,0.60125
2010-12-10,0.56875
2010-12-13,0.52875
2010-12-14,0.48625
2010-12-15,0.43
2010-12-16,0.3925
2010-12-17,0.35375
2010-12-20,0.3475
2010-12-21,0.3475
2010-12-22,0.34375
2010-12-23,0.3425
2010-12-24,0.3675
2010-12-27,0.35875
2010-12-28,0.38
2010-12-29,0.36125
2010-12-30,0.35125
2010-12-31,0.60625
2011-01-03,0.36625
2011-01-04,0.34875
2011-01-05,0.3475
2011-01-06,0.3425
2011-01-07,0.34125
2011-01-10,0.34
2011-01-11,0.3375
2011-01-12,0.33375
2011-01-13,0.335
2011-01-14,0.33313000000000004
2011-01-17,0.32875
2011-01-18,0.7225
2011-01-19,0.65875
2011-01-20,0.655
2011-01-21,0.7575
2011-01-24,0.82125
2011-01-25,0.95375
2011-01-26,1.06875
2011-01-27,0.975
2011-01-28,0.96125
2011-01-31,1.23125
2011-02-01,1.15625
2011-02-02,0.78125
2011-02-03,0.48125
2011-02-04,0.35125
2011-02-07,0.33125
2011-02-08,0.77875
2011-02-09,1.04375
2011-02-10,0.97125
2011-02-11,0.8725
2011-02-14,0.8125
2011-02-15,0.75
2011-02-16,0.7
2011-02-17,0.60375
2011-02-18,0.46875
2011-02-21,0.46375
2011-02-22,0.515
2011-02-23,0.6375
2011-02-24,0.63625
2011-02-25,0.6
2011-02-28,0.65125
2011-03-01,0.58625
2011-03-02,0.46125
2011-03-03,0.36375
2011-03-04,0.35375
2011-03-07,0.45375
2011-03-08,0.825
2011-03-09,0.8
2011-03-10,0.75125
2011-03-11,0.73
2011-03-14,0.69
2011-03-15,0.66875
2011-03-16,0.65625
2011-03-17,0.64625
2011-03-18,0.65
2011-03-21,0.65125
2011-03-22,0.64375
2011-03-23,0.64375
2011-03-24,0.635
2011-03-25,0.60125
2011-03-28,0.58125
2011-03-29,0.55625
2011-03-30,0.5456300000000001
2011-03-31,0.8606299999999999
2011-04-01,0.56875
2011-04-04,0.55125
2011-04-05,0.5456300000000001
2011-04-06,0.54375
2011-04-07,0.5193800000000001
2011-04-08,0.51313
2011-04-11,0.51625
2011-04-12,0.825
2011-04-13,1.09063
2011-04-14,1.085
2011-04-15,1.08875
2011-04-18,1.09
2011-04-19,1.09625
2011-04-20,1.21875
2011-04-21,1.4225
2011-04-22,
2011-04-25,
2011-04-26,1.2825
2011-04-27,1.27625
2011-04-28,1.2875
2011-04-29,1.43375
2011-05-02,1.31625
2011-05-03,1.3075
2011-05-04,1.07625
2011-05-05,0.88
2011-05-06,0.6125
2011-05-09,0.6
2011-05-10,1.05
2011-05-11,1.0025
2011-05-12,1.0175
2011-05-13,1.07125
2011-05-16,1.09875
2011-05-17,1.10375
2011-05-18,1.1325
2011-05-19,1.14875
2011-05-20,1.15125
2011-05-23,1.14875
2011-05-24,1.1475
2011-05-25,1.13875
2011-05-26,1.055
2011-05-27,0.9325
2011-05-30,0.86375
2011-05-31,0.91
2011-06-01,0.845
2011-06-02,0.8725
2011-06-03,0.895
2011-06-06,0.8925
2011-06-07,0.89375
2011-06-08,1.07875
2011-06-09,1.36
2011-06-10,1.7075
2011-06-13,1.46125
2011-06-14,1.2725
2011-06-15,1.21125
2011-06-16,1.2575
2011-06-17,1.2925
2011-06-20,1.30875
2011-06-21,1.285
2011-06-22,1.0875
2011-06-23,0.925
2011-06-24,0.875
2011-06-27,0.8325
2011-06-28,0.8331299999999999
2011-06-29,0.925
2011-06-30,1.78
2011-07-01,0.9
2011-07-04,0.84625
2011-07-05,0.6725
2011-07-06,0.59
2011-07-07,0.57625
2011-07-08,0.57375
2011-07-11,0.57125
2011-07-12,1.06875
2011-07-13,1.4225
2011-07-14,1.41
2011-07-15,1.4025
2011-07-18,1.4075
2011-07-19,1.37625
2011-07-20,1.0975
2011-07-21,0.99125
2011-07-22,0.945
2011-07-25,0.92125
2011-07-26,0.93625
2011-07-27,0.88875
2011-07-28,0.85125
2011-07-29,0.945
2011-08-01,0.8625
2011-08-02,0.8375
2011-08-03,0.82125
2011-08-04,0.8175
2011-08-05,0.815
2011-08-08,0.81375
2011-08-09,1.18875
2011-08-10,0.9875
2011-08-11,0.8725
2011-08-12,0.8525
2011-08-15,0.845
2011-08-16,0.8425
2011-08-17,0.8381299999999999
2011-08-18,0.83125
2011-08-19,0.83125
2011-08-22,0.83375
2011-08-23,0.835
2011-08-24,0.84
2011-08-25,0.84125
2011-08-26,0.83688
2011-08-29,0.83688
2011-08-30,0.83625
2011-08-31,0.86875
2011-09-01,0.8375
2011-09-02,0.8356299999999999
2011-09-05,0.8343799999999999
2011-09-06,0.83125
2011-09-07,0.83188
2011-09-08,0.8293799999999999
2011-09-09,0.825
2011-09-12,0.81625
2011-09-13,1.16125
2011-09-14,0.85625
2011-09-15,0.8575
2011-09-16,0.93
2011-09-19,0.9625
2011-09-20,0.94375
2011-09-21,0.91875
2011-09-22,0.9125
2011-09-23,0.91
2011-09-26,0.91
2011-09-27,0.91
2011-09-28,0.9075
2011-09-29,0.90375
2011-09-30,1.275
2011-10-03,0.8925
2011-10-04,0.88
2011-10-05,0.86125
2011-10-06,0.85625
2011-10-07,0.84875
2011-10-10,0.85
2011-10-11,1.1475
2011-10-12,0.91
2011-10-13,0.88125
2011-10-14,0.87875
2011-10-17,0.86875
2011-10-18,0.85875
2011-10-19,0.85625
2011-10-20,0.855
2011-10-21,0.85625
2011-10-24,0.855
2011-10-25,0.855
2011-10-26,0.855
2011-10-27,0.85
2011-10-28,0.84625
2011-10-31,0.8725
2011-11-01,0.84
2011-11-02,0.83875
2011-11-03,0.83
2011-11-04,0.82625
2011-11-07,0.82
2011-11-08,1.085
2011-11-09,0.66625
2011-11-10,0.66125
2011-11-11,0.65625
2011-11-14,0.64875
2011-11-15,0.645
2011-11-16,0.6443800000000001
2011-11-17,0.64188
2011-11-18,0.63688
2011-11-21,0.63563
2011-11-22,0.63438
2011-11-23,0.62938
2011-11-24,0.62438
2011-11-25,0.62438
2011-11-28,0.6231300000000001
2011-11-29,0.62188
2011-11-30,0.6443800000000001
2011-12-01,0.62938
2011-12-02,0.62563
2011-12-05,0.61643
2011-12-06,0.61929
2011-12-07,0.6221399999999999
2011-12-08,0.62071
2011-12-09,0.60643
2011-12-12,0.5935699999999999
2011-12-13,0.8921399999999999
2011-12-14,0.44786000000000004
2011-12-15,0.43643000000000004
2011-12-16,0.42428999999999994
2011-12-19,0.41643
2011-12-20,0.41143
2011-12-21,0.40571
2011-12-22,0.39929000000000003
2011-12-23,0.37643000000000004
2011-12-26,
2011-12-27,0.37071
2011-12-28,0.35929
2011-12-29,0.35
2011-12-30,0.43213999999999997
2012-01-02,0.35214
2012-01-03,0.34571
2012-01-04,0.33714
2012-01-05,0.31429
2012-01-06,0.30286
2012-01-09,0.29857
2012-01-10,0.29143
2012-01-11,0.28857
2012-01-12,0.28857
2012-01-13,0.28643
2012-01-16,0.28429
2012-01-17,0.28714
2012-01-18,0.29
2012-01-19,0.28570999999999996
2012-01-20,0.28429
2012-01-23,0.28429
2012-01-24,0.28429
2012-01-25,0.28286
2012-01-26,0.28286
2012-01-27,0.28286
2012-01-30,0.28286
2012-01-31,0.28286
2012-02-01,0.28286
2012-02-02,0.28286
2012-02-03,0.28286
2012-02-06,0.28143
2012-02-07,0.28143
2012-02-08,0.28143
2012-02-09,0.28143
2012-02-10,0.28143
2012-02-13,0.28143
2012-02-14,0.28143
2012-02-15,0.28143
2012-02-16,0.28071
2012-02-17,0.28071
2012-02-20,0.27929
2012-02-21,0.27929
2012-02-22,0.27929
2012-02-23,0.27929
2012-02-24,0.27929
2012-02-27,0.27929
2012-02-28,0.27929
2012-02-29,0.27643
2012-03-01,0.27
2012-03-02,0.26571
2012-03-05,0.26356999999999997
2012-03-06,0.26286
2012-03-07,0.26214
2012-03-08,0.26214
2012-03-09,0.26214
2012-03-12,0.26214
2012-03-13,0.26356999999999997
2012-03-14,0.26356999999999997
2012-03-15,0.26356999999999997
2012-03-16,0.26356999999999997
2012-03-19,0.26356999999999997
2012-03-20,0.26356999999999997
2012-03-21,0.26356999999999997
2012-03-22,0.26356999999999997
2012-03-23,0.26356999999999997
2012-03-26,0.26214
2012-03-27,0.26071
2012-03-28,0.26214
2012-03-29,0.26214
2012-03-30,0.27714
2012-04-02,0.25929
2012-04-03,0.25929
2012-04-04,0.26143
2012-04-05,0.26356999999999997
2012-04-06,
2012-04-09,
2012-04-10,0.26356999999999997
2012-04-11,0.26071
2012-04-12,0.25929
2012-04-13,0.25856999999999997
2012-04-16,0.25786
2012-04-17,0.25786
2012-04-18,0.25786
2012-04-19,0.25786
2012-04-20,0.25786
2012-04-23,0.25786
2012-04-24,0.25786
2012-04-25,0.25786
2012-04-26,0.255
2012-04-27,0.255
2012-04-30,0.25786
2012-05-01,
2012-05-02,0.255
2012-05-03,0.255
2012-05-04,0.255
2012-05-07,0.255
2012-05-08,0.25356999999999996
2012-05-09,0.25356999999999996
2012-05-10,0.25356999999999996
2012-05-11,0.25356999999999996
2012-05-14,0.25356999999999996
2012-05-15,0.25356999999999996
2012-05-16,0.25356999999999996
2012-05-17,0.25356999999999996
2012-05-18,0.25356999999999996
2012-05-21,0.25356999999999996
2012-05-22,0.25643
2012-05-23,0.25786
2012-05-24,0.2575
2012-05-25,0.2575
2012-05-28,0.2575
2012-05-29,0.2575
2012-05-30,0.2575
2012-05-31,0.2575
2012-06-01,0.2575
2012-06-04,0.26036
2012-06-05,0.26036
2012-06-06,0.26036
2012-06-07,0.26036
2012-06-08,0.26036
2012-06-11,0.26036
2012-06-12,0.25893
2012-06-13,0.26036
2012-06-14,0.26036
2012-06-15,0.26036
2012-06-18,0.26036
2012-06-19,0.26036
2012-06-20,0.26179
2012-06-21,0.26179
2012-06-22,0.26179
2012-06-25,0.26179
2012-06-26,0.26179
2012-06-27,0.26179
2012-06-28,0.26179
2012-06-29,0.2625
2012-07-02,0.26036
2012-07-03,0.25429
2012-07-04,0.25
2012-07-05,0.25
2012-07-06,0.23786
2012-07-09,0.23356999999999997
2012-07-10,0.23214
2012-07-11,0.07
2012-07-12,0.06443
2012-07-13,0.058710000000000005
2012-07-16,0.05442999999999999
2012-07-17,0.05014
2012-07-18,0.04286
2012-07-19,0.04
2012-07-20,0.03714
2012-07-23,0.03429
2012-07-24,0.028
2012-07-25,0.02586
2012-07-26,0.02586
2012-07-27,0.02586
2012-07-30,0.02514
2012-07-31,0.025
2012-08-01,0.025
2012-08-02,0.025
2012-08-03,0.025
2012-08-06,0.025
2012-08-07,0.025
2012-08-08,0.025
2012-08-09,0.025
2012-08-10,0.023569999999999997
2012-08-13,0.023569999999999997
2012-08-14,0.02286
2012-08-15,0.02286
2012-08-16,0.02214
2012-08-17,0.02143
2012-08-20,0.02143
2012-08-21,0.02143
2012-08-22,0.02143
2012-08-23,0.02143
2012-08-24,0.02143
2012-08-27,0.02143
2012-08-28,0.02143
2012-08-29,0.02143
2012-08-30,0.02
2012-08-31,0.02143
2012-09-03,0.02
2012-09-04,0.02
2012-09-05,0.02
2012-09-06,0.02
2012-09-07,0.02
2012-09-10,0.02
2012-09-11,0.02
2012-09-12,0.02
2012-09-13,0.02
2012-09-14,0.02
2012-09-17,0.02
2012-09-18,0.02
2012-09-19,0.01857
2012-09-20,0.01786
2012-09-21,0.01786
2012-09-24,0.01786
2012-09-25,0.01786
2012-09-26,0.01786
2012-09-27,0.01786
2012-09-28,0.01786
2012-10-01,0.01643
2012-10-02,0.015
2012-10-03,0.01571
2012-10-04,0.01429
2012-10-05,0.01429
2012-10-08,0.01429
2012-10-09,0.01429
2012-10-10,0.01429
2012-10-11,0.01429
2012-10-12,0.01429
2012-10-15,0.01571
2012-10-16,0.01429
2012-10-17,0.013569999999999999
2012-10-18,0.013569999999999999
2012-10-19,0.013569999999999999
2012-10-22,0.013569999999999999
2012-10-23,0.013569999999999999
2012-10-24,0.01286
2012-10-25,0.01286
2012-10-26,0.01286
2012-10-29,0.01286
2012-10-30,0.01429
2012-10-31,0.01429
2012-11-01,0.01429
2012-11-02,0.01286
2012-11-05,0.01286
2012-11-06,0.01286
2012-11-07,0.01286
2012-11-08,0.01286
2012-11-09,0.01286
2012-11-12,0.01429
2012-11-13,0.01429
2012-11-14,0.01429
2012-11-15,0.01286
2012-11-16,0.013569999999999999
2012-11-19,0.013569999999999999
2012-11-20,0.013569999999999999
2012-11-21,0.013569999999999999
2012-11-22,0.013569999999999999
2012-11-23,0.013569999999999999
2012-11-26,0.013569999999999999
2012-11-27,0.013569999999999999
2012-11-28,0.013569999999999999
2012-11-29,0.013569999999999999
2012-11-30,0.013569999999999999
2012-12-03,0.013569999999999999
2012-12-04,0.013569999999999999
2012-12-05,0.013569999999999999
2012-12-06,0.013569999999999999
2012-12-07,0.013569999999999999
2012-12-10,0.013569999999999999
2012-12-11,0.013569999999999999
2012-12-12,0.013569999999999999
2012-12-13,0.013569999999999999
2012-12-14,0.013569999999999999
2012-12-17,0.013569999999999999
2012-12-18,0.013569999999999999
2012-12-19,0.013569999999999999
2012-12-20,0.013569999999999999
2012-12-21,0.015
2012-12-24,0.015
2012-12-25,
2012-12-26,
2012-12-27,0.013569999999999999
2012-12-28,0.013569999999999999
2012-12-31,0.02071
2013-01-01,
2013-01-02,0.013569999999999999
2013-01-03,0.013569999999999999
2013-01-04,0.013569999999999999
2013-01-07,0.013569999999999999
2013-01-08,0.013569999999999999
2013-01-09,0.013569999999999999
2013-01-10,0.013569999999999999
2013-01-11,0.013569999999999999
2013-01-14,0.013569999999999999
2013-01-15,0.013569999999999999
2013-01-16,0.013569999999999999
2013-01-17,0.013569999999999999
2013-01-18,0.013569999999999999
2013-01-21,0.013569999999999999
2013-01-22,0.013569999999999999
2013-01-23,0.013569999999999999
2013-01-24,0.013569999999999999
2013-01-25,0.013569999999999999
2013-01-28,0.013569999999999999
2013-01-29,0.013569999999999999
2013-01-30,0.01643
2013-01-31,0.015
2013-02-01,0.01714
2013-02-04,0.01714
2013-02-05,0.01714
2013-02-06,0.01714
2013-02-07,0.01714
2013-02-08,0.01714
2013-02-11,0.01714
2013-02-12,0.01714
2013-02-13,0.01714
2013-02-14,0.01714
2013-02-15,0.01714
2013-02-18,0.01714
2013-02-19,0.01714
2013-02-20,0.01714
2013-02-21,0.01714
2013-02-22,0.01714
2013-02-25,0.01714
2013-02-26,0.01714
2013-02-27,0.01714
2013-02-28,0.01857
2013-03-01,0.01857
2013-03-04,0.01857
2013-03-05,0.01857
2013-03-06,0.01786
2013-03-07,0.01786
2013-03-08,0.01857
2013-03-11,0.01857
2013-03-12,0.01857
2013-03-13,0.01857
2013-03-14,0.01857
2013-03-15,0.01857
2013-03-18,0.01857
2013-03-19,0.01929
2013-03-20,0.01929
2013-03-21,0.02
2013-03-22,0.02071
2013-03-25,0.01929
2013-03-26,0.02214
2013-03-27,0.02214
2013-03-28,0.026430000000000002
2013-03-29,
2013-04-01,
2013-04-02,0.023569999999999997
2013-04-03,0.023569999999999997
2013-04-04,0.023569999999999997
2013-04-05,0.023569999999999997
2013-04-08,0.023569999999999997
2013-04-09,0.023569999999999997
2013-04-10,0.023569999999999997
2013-04-11,0.023569999999999997
2013-04-12,0.023569999999999997
2013-04-15,0.023569999999999997
2013-04-16,0.023569999999999997
2013-04-17,0.023569999999999997
2013-04-18,0.023569999999999997
2013-04-19,0.023569999999999997
2013-04-22,0.023569999999999997
2013-04-23,0.023569999999999997
2013-04-24,0.023569999999999997
2013-04-25,0.023569999999999997
2013-04-26,0.023569999999999997
2013-04-29,0.023569999999999997
2013-04-30,0.027860000000000003
2013-05-01,
2013-05-02,0.023569999999999997
2013-05-03,0.023569999999999997
2013-05-06,
2013-05-07,0.023569999999999997
2013-05-08,0.023569999999999997
2013-05-09,0.023569999999999997
2013-05-10,0.023569999999999997
2013-05-13,0.023569999999999997
2013-05-14,0.023569999999999997
2013-05-15,0.023569999999999997
2013-05-16,0.023569999999999997
2013-05-17,0.023569999999999997
2013-05-20,0.023569999999999997
2013-05-21,0.023569999999999997
2013-05-22,0.02214
2013-05-23,0.023569999999999997
2013-05-24,0.025
2013-05-27,
2013-05-28,0.025
2013-05-29,0.025
2013-05-30,0.025
2013-05-31,0.035710000000000006
2013-06-03,0.026430000000000002
2013-06-04,0.025
2013-06-05,0.025
2013-06-06,0.027860000000000003
2013-06-07,0.027860000000000003
2013-06-10,0.027860000000000003
2013-06-11,0.027860000000000003
2013-06-12,0.028569999999999998
2013-06-13,0.028569999999999998
2013-06-14,0.028569999999999998
2013-06-17,0.028569999999999998
2013-06-18,0.029289999999999997
2013-06-19,0.03071
2013-06-20,0.03143
2013-06-21,0.03143
2013-06-24,0.03286
2013-06-25,0.03429
2013-06-26,0.03429
2013-06-27,0.04
2013-06-28,0.12429000000000001
2013-07-01,0.04
2013-07-02,0.04
2013-07-03,0.03929
2013-07-04,0.04286
2013-07-05,0.04
2013-07-08,0.04
2013-07-09,0.04
2013-07-10,0.04143
2013-07-11,0.04143
2013-07-12,0.04143
2013-07-15,0.04143
2013-07-16,0.04
2013-07-17,0.04
2013-07-18,0.03857
2013-07-19,0.03857
2013-07-22,0.04
2013-07-23,0.04357
2013-07-24,0.045
2013-07-25,0.045
2013-07-26,0.045
2013-07-29,0.045
2013-07-30,0.04357
2013-07-31,0.057139999999999996
2013-08-01,0.047139999999999994
2013-08-02,0.04357
2013-08-05,0.04357
2013-08-06,0.045
2013-08-07,0.04214
2013-08-08,0.04071
2013-08-09,0.04071
2013-08-12,0.04071
2013-08-13,0.04071
2013-08-14,0.04143
2013-08-15,0.04071
2013-08-16,0.04071
2013-08-19,0.04071
2013-08-20,0.04071
2013-08-21,0.04071
2013-08-22,0.04071
2013-08-23,0.04071
2013-08-26,
2013-08-27,0.04071
2013-08-28,0.04071
2013-08-29,0.04071
2013-08-30,0.05429
2013-09-02,0.045
2013-09-03,0.045
2013-09-04,0.045
2013-09-05,0.04357
2013-09-06,0.04357
2013-09-09,0.04357
2013-09-10,0.04357
2013-09-11,0.04286
2013-09-12,0.04286
2013-09-13,0.04286
2013-09-16,0.04286
2013-09-17,0.04286
2013-09-18,0.04071
2013-09-19,0.04
2013-09-20,0.04
2013-09-23,0.04
2013-09-24,0.04143
2013-09-25,0.04143
2013-09-26,0.04143
2013-09-27,0.04286
2013-09-30,0.08143
2013-10-01,0.04571
2013-10-02,0.04571
2013-10-03,0.04571
2013-10-04,0.04571
2013-10-07,0.04571
2013-10-08,0.044289999999999996
2013-10-09,0.044289999999999996
2013-10-10,0.04571
2013-10-11,0.04571
2013-10-14,0.044289999999999996
2013-10-15,0.04571
2013-10-16,0.04571
2013-10-17,0.04571
2013-10-18,0.04571
2013-10-21,0.04571
2013-10-22,0.04571
2013-10-23,0.04571
2013-10-24,0.04571
2013-10-25,0.04786
2013-10-28,0.04643
2013-10-29,0.04786
2013-10-30,0.052860000000000004
2013-10-31,0.15214
2013-11-01,0.05
2013-11-04,0.05143
2013-11-05,0.05
2013-11-06,0.05
2013-11-07,0.05
2013-11-08,0.04857
2013-11-11,0.05
2013-11-12,0.05
2013-11-13,0.05
2013-11-14,0.05
2013-11-15,0.05
2013-11-18,0.052860000000000004
2013-11-19,0.05143
2013-11-20,0.05143
2013-11-21,0.05429
2013-11-22,0.06429
2013-11-25,0.06571
2013-11-26,0.07214
2013-11-27,0.07929
2013-11-28,0.08857000000000001
2013-11-29,0.20714000000000002
2013-12-02,0.08571000000000001
2013-12-03,0.08786000000000001
2013-12-04,0.08929
2013-12-05,0.09357
2013-12-06,0.10286
2013-12-09,0.09929
2013-12-10,0.09857
2013-12-11,0.09786
2013-12-12,0.09857
2013-12-13,0.09714
2013-12-16,0.11143
2013-12-17,0.125
2013-12-18,0.12357
2013-12-19,0.10714000000000001
2013-12-20,0.10286
2013-12-23,0.10643
2013-12-24,0.12070999999999998
2013-12-25,
2013-12-26,
2013-12-27,0.13429000000000002
2013-12-30,0.13285999999999998
2013-12-31,0.32
2014-01-01,
2014-01-02,0.12571
2014-01-03,0.09714
2014-01-06,0.07143
2014-01-07,0.06
2014-01-08,0.08929
2014-01-09,0.09571
2014-01-10,0.09286
2014-01-13,0.08786000000000001
2014-01-14,0.08642999999999999
2014-01-15,0.10286
2014-01-16,0.19429000000000002
2014-01-17,0.23714000000000002
2014-01-20,0.26286
2014-01-21,0.25
2014-01-22,0.17929
2014-01-23,0.14071
2014-01-24,0.11642999999999999
2014-01-27,0.10714000000000001
2014-01-28,0.10857
2014-01-29,0.09857
2014-01-30,0.085
2014-01-31,0.16286
2014-02-03,0.09643
2014-02-04,0.09071
2014-02-05,0.09714
2014-02-06,0.09357
2014-02-07,0.08857000000000001
2014-02-10,0.08786000000000001
2014-02-11,0.08286
2014-02-12,0.10929000000000001
2014-02-13,0.095
2014-02-14,0.09214
2014-02-17,0.09143
2014-02-18,0.09143
2014-02-19,0.09357
2014-02-20,0.09429
2014-02-21,0.09571
2014-02-24,0.095
2014-02-25,0.09071
2014-02-26,0.095
2014-02-27,0.095
2014-02-28,0.16857
2014-03-03,0.09714
2014-03-04,0.095
2014-03-05,0.09643
2014-03-06,0.09071
2014-03-07,0.09143
2014-03-10,0.1
2014-03-11,0.10643
2014-03-12,0.10142999999999999
2014-03-13,0.10357000000000001
2014-03-14,0.10429000000000001
2014-03-17,0.10643
2014-03-18,0.10570999999999998
2014-03-19,0.12143
2014-03-20,0.11357
2014-03-21,0.11214
2014-03-24,0.11214
2014-03-25,0.11285999999999999
2014-03-26,0.11285999999999999
2014-03-27,0.12214000000000001
2014-03-28,0.13429000000000002
2014-03-31,0.5807100000000001
2014-04-01,0.14286
2014-04-02,0.16286
2014-04-03,0.165
2014-04-04,0.16857
2014-04-07,0.17357
2014-04-08,0.165
2014-04-09,0.15929000000000001
2014-04-10,0.15286
2014-04-11,0.15714
2014-04-14,0.14857
2014-04-15,0.15286
2014-04-16,0.15143
2014-04-17,0.16286
2014-04-18,
2014-04-21,
2014-04-22,0.15357
2014-04-23,0.16714
2014-04-24,0.18786
2014-04-25,0.22785999999999998
2014-04-28,0.26643
2014-04-29,0.28857
2014-04-30,0.35429
2014-05-01,
2014-05-02,0.14857
2014-05-05,
2014-05-06,0.09286
2014-05-07,0.215
2014-05-08,0.20714000000000002
2014-05-09,0.20357
2014-05-12,0.18070999999999998
2014-05-13,0.15143
2014-05-14,0.145
2014-05-15,0.14429
2014-05-16,0.14071
2014-05-19,0.14570999999999998
2014-05-20,0.14429
2014-05-21,0.20143
2014-05-22,0.25286
2014-05-23,0.31214000000000003
2014-05-26,
2014-05-27,0.38571
2014-05-28,0.23
2014-05-29,0.22571
2014-05-30,0.44786000000000004
2014-06-02,0.21643
2014-06-03,0.18714
2014-06-04,0.14357
2014-06-05,0.1
2014-06-06,0.08
2014-06-09,0.06357
2014-06-10,0.05429
2014-06-11,0.05
2014-06-12,0.02214
2014-06-13,0.01
2014-06-16,0.0042899999999999995
2014-06-17,0.00286
2014-06-18,0.0035700000000000003
2014-06-19,-0.00214
2014-06-20,-0.00143
2014-06-23,0.0
2014-06-24,0.00214
2014-06-25,0.0007099999999999999
2014-06-26,0.0007099999999999999
2014-06-27,0.0007099999999999999
2014-06-30,0.28857
2014-07-01,0.0
2014-07-02,0.0
2014-07-03,0.0
2014-07-04,0.0
2014-07-07,0.0
2014-07-08,0.0
2014-07-09,0.0
2014-07-10,0.0
2014-07-11,0.0
2014-07-14,0.0
2014-07-15,0.0
2014-07-16,0.0
2014-07-17,0.0
2014-07-18,0.0
2014-07-21,0.0
2014-07-22,0.0
2014-07-23,0.0042899999999999995
2014-07-24,0.00643
2014-07-25,0.005
2014-07-28,0.00286
2014-07-29,0.00143
2014-07-30,0.0007099999999999999
2014-07-31,0.12070999999999998
2014-08-01,0.0007099999999999999
2014-08-04,0.0007099999999999999
2014-08-05,0.0007099999999999999
2014-08-06,-0.0042899999999999995
2014-08-07,-0.005
2014-08-08,-0.005
2014-08-11,-0.00643
2014-08-12,-0.0071400000000000005
2014-08-13,-0.00571
2014-08-14,-0.0042899999999999995
2014-08-15,-0.00857
2014-08-18,-0.0071400000000000005
2014-08-19,-0.01214
2014-08-20,-0.01571
2014-08-21,-0.01643
2014-08-22,-0.01643
2014-08-25,
2014-08-26,-0.01857
2014-08-27,-0.01786
2014-08-28,-0.02286
2014-08-29,0.04929
2014-09-01,-0.026430000000000002
2014-09-02,-0.03071
2014-09-03,-0.026430000000000002
2014-09-04,-0.027139999999999997
2014-09-05,-0.028569999999999998
2014-09-08,-0.025710000000000004
2014-09-09,-0.01714
2014-09-10,-0.06429
2014-09-11,-0.059289999999999995
2014-09-12,-0.050710000000000005
2014-09-15,-0.04929
2014-09-16,-0.047139999999999994
2014-09-17,-0.047139999999999994
2014-09-18,-0.04571
2014-09-19,-0.04143
2014-09-22,-0.04143
2014-09-23,-0.035710000000000006
2014-09-24,-0.02
2014-09-25,-0.03929
2014-09-26,-0.05143
2014-09-29,-0.06143
2014-09-30,0.14286
2014-10-01,-0.058570000000000004
2014-10-02,-0.06
2014-10-03,-0.06
2014-10-06,-0.06286
2014-10-07,-0.07071000000000001
2014-10-08,-0.06429
2014-10-09,-0.06357
2014-10-10,-0.06857
2014-10-13,-0.06929
2014-10-14,-0.06713999999999999
2014-10-15,-0.06857
2014-10-16,-0.06214
2014-10-17,-0.06857
2014-10-20,-0.06571
2014-10-21,-0.04786
2014-10-22,-0.03929
2014-10-23,-0.035710000000000006
2014-10-24,-0.032139999999999995
2014-10-27,-0.033569999999999996
2014-10-28,-0.03429
2014-10-29,-0.044289999999999996
2014-10-30,-0.056429999999999994
2014-10-31,0.04357
2014-11-03,-0.056429999999999994
2014-11-04,-0.06929
2014-11-05,-0.07714
2014-11-06,-0.07571
2014-11-07,-0.08143
2014-11-10,-0.08143
2014-11-11,-0.08
2014-11-12,-0.075
2014-11-13,-0.06642999999999999
2014-11-14,-0.06642999999999999
2014-11-17,-0.07429
2014-11-18,-0.07357000000000001
2014-11-19,-0.07071000000000001
2014-11-20,-0.07429
2014-11-21,-0.06929
2014-11-24,-0.056429999999999994
2014-11-25,-0.04286
2014-11-26,-0.01
2014-11-27,-0.0071400000000000005
2014-11-28,0.1
2014-12-01,-0.028569999999999998
2014-12-02,-0.04214
2014-12-03,-0.06143
2014-12-04,-0.065
2014-12-05,-0.07643
2014-12-08,-0.08071
2014-12-09,-0.08857000000000001
2014-12-10,-0.08642999999999999
2014-12-11,-0.07214
2014-12-12,-0.07286000000000001
2014-12-15,-0.07714
2014-12-16,-0.08571000000000001
2014-12-17,-0.09786
2014-12-18,-0.11
2014-12-19,-0.12143
2014-12-22,-0.12214000000000001
2014-12-23,-0.12429000000000001
2014-12-24,-0.13571
2014-12-25,
2014-12-26,
2014-12-29,-0.13285999999999998
2014-12-30,-0.13429000000000002
2014-12-31,0.029289999999999997
