Date,Close
1999-01-04,60.0
1999-01-05,63.76
1999-01-06,67.6
1999-01-07,72.01
1999-01-08,70.0
1999-01-11,78.0
1999-01-12,71.0
1999-01-13,67.5
1999-01-14,72.0
1999-01-15,70.0
1999-01-18,72.0
1999-01-19,70.0
1999-01-20,71.0
1999-01-21,76.0
1999-01-22,70.0
1999-01-25,73.6
1999-01-26,74.4
1999-01-27,80.0
1999-01-28,81.0
1999-01-29,82.0
1999-02-01,86.0
1999-02-02,91.0
1999-02-03,94.0
1999-02-04,100.0
1999-02-05,98.0
1999-02-08,100.0
1999-02-09,97.0
1999-02-10,96.0
1999-02-11,96.0
1999-02-12,96.0
1999-02-15,90.0
1999-02-16,95.0
1999-02-17,100.0
1999-02-18,100.0
1999-02-19,96.0
1999-02-22,100.0
1999-02-23,102.0
1999-02-24,114.0
1999-02-25,120.0
1999-02-26,119.6
1999-03-01,118.0
1999-03-02,119.0
1999-03-03,124.0
1999-03-04,120.0
1999-03-05,123.0
1999-03-08,124.0
1999-03-09,122.0
1999-03-10,120.0
1999-03-11,123.0
1999-03-12,130.0
1999-03-15,128.9
1999-03-16,140.0
1999-03-17,135.61
1999-03-18,131.0
1999-03-19,130.0
1999-03-22,130.0
1999-03-23,138.0
1999-03-24,134.0
1999-03-25,140.0
1999-03-26,136.0
1999-03-29,136.0
1999-03-30,134.0
1999-03-31,135.0
1999-04-01,140.0
1999-04-06,139.0
1999-04-07,153.0
1999-04-08,150.0
1999-04-09,148.0
1999-04-12,140.0
1999-04-13,140.0
1999-04-14,150.0
1999-04-15,144.0
1999-04-16,142.0
1999-04-19,146.0
1999-04-20,130.0
2004-07-01,117.5
2004-07-02,116.75
2004-07-05,115.75
2004-07-06,113.5
2004-07-07,112.5
2004-07-08,113.5
2004-07-09,112.75
2004-07-12,109.5
2004-07-13,109.5
2004-07-14,110.25
2004-07-15,109.5
2004-07-16,112.75
2004-07-19,104.0
2004-07-20,107.0
2004-07-21,110.25
2004-07-22,105.75
2004-07-23,105.75
2004-07-26,101.75
2004-07-27,102.25
2004-07-28,102.5
2004-07-29,105.75
2004-07-30,105.25
2004-08-02,104.5
2004-08-03,103.0
2004-08-04,101.5
2004-08-05,101.75
2004-08-06,97.75
2004-08-09,94.5
2004-08-10,98.25
2004-08-11,94.0
2004-08-12,93.0
2004-08-13,92.5
2004-08-16,95.5
2004-08-17,97.0
2004-08-18,98.0
2004-08-19,101.5
2004-08-20,100.5
2004-08-23,81.75
2004-08-24,83.5
2004-08-25,80.5
2004-08-26,80.25
2004-08-27,83.0
2004-08-31,79.0
2004-09-01,81.5
2004-09-02,81.25
2004-09-03,83.5
2004-09-06,84.75
2004-09-07,84.75
2004-09-08,85.5
2004-09-09,84.75
2004-09-10,85.75
2004-09-13,87.5
2004-09-14,87.5
2004-09-15,86.25
2004-09-16,86.5
2004-09-17,88.0
2004-09-20,88.75
2004-09-21,90.0
2004-09-22,87.5
2004-09-23,86.0
2004-09-24,86.25
2004-09-27,84.25
2004-09-28,83.75
2004-09-29,85.0
2004-09-30,83.5
2004-10-01,88.0
2004-10-04,91.0
2004-10-05,89.5
2004-10-06,88.5
2004-10-07,89.5
2004-10-08,88.25
2004-10-11,86.5
2004-10-12,85.5
2004-10-13,87.0
2004-10-14,85.0
2004-10-15,85.5
2004-10-18,85.25
2004-10-19,87.75
2004-10-20,89.75
2004-10-21,94.75
2004-10-22,97.0
2004-10-25,94.5
2004-10-26,93.5
2004-10-27,96.25
2004-10-28,96.25
2004-10-29,97.25
2004-11-01,98.0
2004-11-02,100.5
2004-11-03,99.25
2004-11-04,98.75
2004-11-05,99.0
2004-11-08,100.25
2004-11-09,100.0
2004-11-10,101.0
2004-11-11,102.5
2004-11-12,103.0
2004-11-15,104.0
2004-11-16,102.0
2004-11-17,106.5
2004-11-18,106.0
2004-11-19,106.0
2004-11-22,104.0
2004-11-23,104.0
2004-11-24,104.0
2004-11-25,103.0
2004-11-26,103.25
2004-11-29,103.75
2004-11-30,103.0
2004-12-01,102.5
2004-12-02,103.5
2004-12-03,105.0
2004-12-06,102.75
2004-12-07,104.25
2004-12-08,103.25
2004-12-09,102.25
2004-12-10,104.0
2004-12-13,105.25
2004-12-14,107.25
2004-12-15,107.5
2004-12-16,107.0
2004-12-17,107.25
2004-12-20,108.75
2004-12-21,111.25
2004-12-22,111.5
2004-12-23,110.0
2004-12-24,109.5
2004-12-29,109.5
2004-12-30,109.5
2004-12-31,110.5
2005-01-04,111.25
2005-01-05,109.0
2005-01-06,109.75
2005-01-07,108.75
2005-01-10,108.25
2005-01-11,108.0
2005-01-12,105.5
2005-01-13,107.5
2005-01-14,108.25
2005-01-17,107.75
2005-01-18,107.25
2005-01-19,109.0
2005-01-20,107.25
2005-01-21,105.0
2005-01-24,103.5
2005-01-25,104.75
2005-01-26,98.0
2005-01-27,98.25
2005-01-28,97.25
2005-01-31,98.25
2005-02-01,101.75
2005-02-02,102.0
2005-02-03,105.5
2005-02-04,104.75
2005-02-07,106.75
2005-02-08,106.75
2005-02-09,106.0
2005-02-10,104.5
2005-02-11,104.25
2005-02-14,104.75
2005-02-15,106.5
2005-02-16,105.5
2005-02-17,104.75
2005-02-18,104.0
2005-02-21,105.5
2005-02-22,104.5
2005-02-23,103.75
2005-02-24,104.25
2005-02-25,108.25
2005-02-28,108.0
2005-03-01,110.0
2005-03-02,110.75
2005-03-03,113.0
2005-03-04,114.0
2005-03-07,113.25
2005-03-08,112.5
2005-03-09,111.75
2005-03-10,109.75
2005-03-11,110.25
2005-03-14,109.75
2005-03-15,109.5
2005-03-16,106.0
2005-03-17,106.75
2005-03-18,106.0
2005-03-21,103.5
2005-03-22,103.75
2005-03-23,103.25
2005-03-24,105.5
2005-03-29,104.0
2005-03-30,105.5
2005-03-31,105.25
2005-04-01,104.5
2005-04-04,103.25
2005-04-05,101.75
2005-04-06,101.5
2005-04-07,102.0
2005-04-08,102.5
2005-04-11,102.0
2005-04-12,99.5
2005-04-13,100.25
2005-04-14,98.25
2005-04-15,99.25
2005-04-18,96.5
2005-04-19,94.25
2005-04-20,96.25
2005-04-21,98.5
2005-04-22,101.25
2005-04-25,100.75
2005-04-26,100.5
2005-04-27,98.0
2005-04-28,97.0
2005-04-29,95.75
2005-05-03,97.5
2005-05-04,98.0
2005-05-05,101.0
2005-05-06,101.5
2005-05-09,101.5
2005-05-10,100.25
2005-05-11,101.0
2005-05-12,102.5
2005-05-13,103.0
2005-05-16,106.25
2005-05-17,105.25
2005-05-18,107.0
2005-05-19,107.25
2005-05-20,106.5
2005-05-23,108.5
2005-05-24,107.0
2005-05-25,106.75
2005-05-26,108.5
2005-05-27,107.5
2005-05-31,108.0
2005-06-01,109.25
2005-06-02,109.0
2005-06-03,108.0
2005-06-06,107.5
2005-06-07,111.25
2005-06-08,109.5
2005-06-09,111.0
2005-06-10,116.25
2005-06-13,116.75
2005-06-14,116.5
2005-06-15,114.0
2005-06-16,115.25
2005-06-17,116.5
2005-06-20,116.25
2005-06-21,118.0
2005-06-22,121.5
2005-06-23,121.5
2005-06-24,118.25
2005-06-27,115.5
2005-06-28,115.5
2005-06-29,113.5
2005-06-30,113.25
2005-07-01,113.5
2005-07-04,114.5
2005-07-05,115.75
2005-07-06,116.25
2005-07-07,116.0
2005-07-08,119.75
2005-07-11,122.75
2005-07-12,122.75
2005-07-13,122.25
2005-07-14,124.5
2005-07-15,122.5
2005-07-18,120.5
2005-07-19,115.5
2005-07-20,117.75
2005-07-21,119.0
2005-07-22,119.0
2005-07-25,118.5
2005-07-26,120.25
2005-07-27,119.75
2005-07-28,119.75
2005-07-29,119.0
2005-08-01,117.75
2005-08-02,120.75
2005-08-03,122.0
2005-08-04,123.0
2005-08-05,124.0
2005-08-08,123.25
2005-08-09,121.25
2005-08-10,122.75
2005-08-11,122.25
2005-08-12,120.75
2005-08-15,121.75
2005-08-16,121.75
2005-08-17,120.5
2005-08-18,119.0
2005-08-19,117.75
2005-08-22,118.5
2005-08-23,118.75
2005-08-24,117.5
2005-08-25,116.25
2005-08-26,115.0
2005-08-30,116.25
2005-08-31,115.0
2005-09-01,113.75
2005-09-02,112.5
2005-09-05,113.75
2005-09-06,115.75
2005-09-07,117.75
2005-09-08,117.25
2005-09-09,120.5
2005-09-12,121.0
2005-09-13,119.25
2005-09-14,118.25
2005-09-15,117.0
2005-09-16,118.0
2005-09-19,117.5
2005-09-20,115.0
2005-09-21,113.0
2005-09-22,112.5
2005-09-23,112.75
2005-09-26,117.5
2005-09-27,115.75
2005-09-28,119.0
2005-09-29,115.75
2005-09-30,117.5
2005-10-03,118.0
2005-10-04,117.5
2005-10-05,115.5
2005-10-06,114.75
2005-10-07,115.75
2005-10-10,115.75
2005-10-11,116.25
2005-10-12,114.0
2005-10-13,112.5
2005-10-14,114.5
2005-10-17,117.25
2005-10-18,104.75
2005-10-19,101.5
2005-10-20,106.0
2005-10-21,107.75
2005-10-24,108.0
2005-10-25,107.0
2005-10-26,109.25
2005-10-27,104.5
2005-10-28,104.25
2005-10-31,108.75
2005-11-01,109.25
2005-11-02,109.5
2005-11-03,115.25
2005-11-04,116.0
2005-11-07,116.75
2005-11-08,117.75
2005-11-09,117.25
2005-11-10,117.0
2005-11-11,118.25
2005-11-14,120.5
2005-11-15,121.5
2005-11-16,120.0
2005-11-17,119.0
2005-11-18,120.5
2005-11-21,121.0
2005-11-22,120.0
2005-11-23,122.5
2005-11-24,120.25
2005-11-25,120.5
2005-11-28,121.5
2005-11-29,120.25
2005-11-30,122.0
2005-12-01,123.25
2005-12-02,127.75
2005-12-05,126.0
2005-12-06,126.75
2005-12-07,126.5
2005-12-08,125.5
2005-12-09,123.0
2005-12-12,125.0
2005-12-13,122.25
2005-12-14,121.0
2005-12-15,119.75
2005-12-16,120.5
2005-12-19,119.5
2005-12-20,118.75
2005-12-21,119.25
2005-12-22,119.5
2005-12-23,121.0
2005-12-28,120.0
2005-12-29,122.0
2005-12-30,121.0
2006-01-03,121.25
2006-01-04,121.5
2006-01-05,121.5
2006-01-06,124.5
2006-01-09,123.75
2006-01-10,124.75
2006-01-11,129.25
2006-01-12,129.75
2006-01-13,131.5
2006-01-16,131.25
2006-01-17,130.0
2006-01-18,127.75
2006-01-19,131.0
2006-01-20,129.0
2006-01-23,129.25
2006-01-24,126.75
2006-01-25,128.75
2006-01-26,133.25
2006-01-27,138.25
2006-01-30,133.5
2006-01-31,132.5
2006-02-01,139.25
2006-02-02,138.5
2006-02-03,139.25
2006-02-06,140.5
2006-02-07,138.25
2006-02-08,136.5
2006-02-09,137.25
2006-02-10,136.5
2006-02-13,136.0
2006-02-14,136.0
2006-02-15,138.75
2006-02-16,138.25
2006-02-17,137.25
2006-02-20,138.0
2006-02-21,138.0
2006-02-22,137.0
2006-02-23,138.25
2006-02-24,138.0
2006-02-27,139.5
2006-02-28,137.5
2006-03-01,137.25
2006-03-02,137.25
2006-03-03,135.25
2006-03-06,134.25
2006-03-07,132.25
2006-03-08,128.25
2006-03-09,131.25
2006-03-10,133.0
2006-03-13,133.25
2006-03-14,132.75
2006-03-15,134.5
2006-03-16,135.75
2006-03-17,135.25
2006-03-20,134.5
2006-03-21,133.5
2006-03-22,131.25
2006-03-23,131.75
2006-03-24,131.25
2006-03-27,131.75
2006-03-28,129.0
2006-03-29,129.25
2006-03-30,132.5
2006-03-31,133.25
2006-04-03,131.75
2006-04-04,131.25
2006-04-05,134.75
2006-04-06,138.25
2006-04-07,134.25
2006-04-10,133.25
2006-04-11,128.5
2006-04-12,131.25
2006-04-13,133.25
2006-04-18,132.5
2006-04-19,134.5
2006-04-20,136.0
2006-04-21,141.0
2006-04-24,140.0
2006-04-25,138.75
2006-04-26,139.5
2006-04-27,137.75
2006-04-28,136.0
2006-05-02,135.75
2006-05-03,136.0
2006-05-04,137.75
2006-05-05,136.5
2006-05-08,137.25
2006-05-09,136.25
2006-05-10,136.25
2006-05-11,131.5
2006-05-12,125.25
2006-05-15,127.75
2006-05-16,125.0
2006-05-17,119.75
2006-05-18,116.0
2006-05-19,118.5
2006-05-22,115.25
2006-05-23,120.75
2006-05-24,119.25
2006-05-25,120.25
2006-05-26,119.75
2006-05-30,118.5
2006-05-31,116.0
2006-06-01,117.0
2006-06-02,117.25
2006-06-05,116.0
2006-06-06,111.75
2006-06-07,111.5
2006-06-08,103.25
2006-06-09,108.0
2006-06-12,109.5
2006-06-13,105.0
2006-06-14,111.25
2006-06-15,112.75
2006-06-16,110.75
2006-06-19,111.75
2006-06-20,112.25
2006-06-21,114.0
2006-06-22,113.75
2006-06-23,116.0
2006-06-26,115.0
2006-06-27,113.5
2006-06-28,111.25
2006-06-29,111.75
2006-06-30,113.25
2006-07-03,114.25
2006-07-04,113.75
2006-07-05,111.75
2006-07-06,109.0
2006-07-07,106.5
2006-07-10,107.0
2006-07-11,104.0
2006-07-12,106.25
2006-07-13,102.25
2006-07-14,101.75
2006-07-17,100.5
2006-07-18,99.0
2006-07-19,103.5
2006-07-20,106.75
2006-07-21,104.25
2006-07-24,106.0
2006-07-25,112.0
2006-07-26,110.75
2006-07-27,113.25
2006-07-28,114.5
2006-07-31,116.25
2006-08-01,114.25
2006-08-02,115.5
2006-08-03,113.5
2006-08-04,115.75
2006-08-07,114.25
2006-08-08,114.25
2006-08-09,115.75
2006-08-10,114.5
2008-01-02,124.0
2008-01-03,122.0
2008-01-04,115.5
2008-01-07,114.25
2008-01-08,110.5
2008-01-09,109.5
2008-01-10,107.0
2008-01-11,108.25
2008-01-14,108.0
2008-01-15,103.5
2008-01-16,101.75
2008-01-17,107.0
2008-01-18,110.0
2008-01-21,102.25
2008-01-22,108.75
2008-01-23,108.0
2008-01-24,119.0
2008-01-25,124.5
2008-01-28,116.75
2008-01-29,120.0
2008-01-30,119.5
2008-01-31,116.0
2008-02-01,118.25
2008-02-04,118.0
2008-02-05,94.25
2008-02-06,95.0
2008-02-07,93.0
2008-02-08,95.0
2008-02-11,95.25
2008-02-12,97.25
2008-02-13,97.75
2008-02-14,99.5
2008-02-15,98.25
2008-02-18,97.75
2008-02-19,99.0
2008-02-20,93.5
2008-02-21,95.5
2008-02-22,97.5
2008-02-25,100.0
2008-02-26,100.75
2008-02-27,98.25
2008-02-28,93.5
2008-02-29,90.75
2008-03-03,89.5
2008-03-04,87.75
2008-03-05,89.0
2008-03-06,90.0
2008-03-07,86.5
2008-03-10,82.5
2008-03-11,81.0
2008-03-12,84.5
2008-03-13,84.0
2008-03-14,83.5
2008-03-17,79.0
2008-03-18,84.75
2008-03-19,82.5
2008-03-20,83.25
2008-03-25,86.0
2008-03-26,87.5
2008-03-27,87.5
2008-03-28,85.75
2008-03-31,88.0
2008-04-01,94.0
2008-04-02,94.0
2008-04-03,90.5
2008-04-04,90.0
2008-04-07,94.25
2008-04-08,92.0
2008-04-09,90.5
2008-04-10,90.25
2008-04-11,88.75
2008-04-14,87.75
2008-04-15,84.5
2008-04-16,88.75
2008-04-17,85.25
2008-04-18,90.0
2008-04-21,90.5
2008-04-22,88.5
2008-04-23,89.0
2008-04-24,89.0
2008-04-25,89.75
2008-04-28,88.5
2008-04-29,100.0
2008-04-30,101.0
2008-05-01,101.25
2008-05-02,107.75
2008-05-06,110.25
2008-05-07,109.75
2008-05-08,105.0
2008-05-09,106.75
2008-05-12,108.0
2008-05-13,105.5
2008-05-14,105.75
2008-05-15,106.75
2008-05-16,110.5
2008-05-19,113.25
2008-05-20,105.75
2008-05-21,107.25
2008-05-22,106.0
2008-05-23,102.5
2008-05-27,101.0
2008-05-28,103.0
2008-05-29,101.25
2008-05-30,103.5
2008-06-02,102.5
2008-06-03,104.0
2008-06-04,103.5
2008-06-05,104.0
2008-06-06,104.75
2008-06-09,102.0
2008-06-10,100.75
2008-06-11,97.25
2008-06-12,93.5
2008-06-13,95.75
2008-06-16,94.25
2008-06-17,94.25
2008-06-18,93.25
2008-06-19,92.75
2008-06-20,90.5
2008-06-23,88.75
2008-06-24,87.25
2008-06-25,88.0
2008-06-26,84.75
2008-06-27,87.25
2008-06-30,85.25
2008-07-01,86.0
2008-07-02,82.25
2008-07-03,85.0
2008-07-04,83.25
2008-07-07,87.5
2008-07-08,86.0
2008-07-09,90.5
2008-07-10,89.75
2008-07-11,87.75
2008-07-14,89.75
2008-07-15,86.75
2008-07-16,85.5
2008-07-17,97.75
2008-07-18,98.5
2008-07-21,94.75
2008-07-22,93.0
2008-07-23,95.5
2008-07-24,92.25
2008-07-25,92.5
2008-07-28,90.0
2008-07-29,92.0
2008-07-30,95.5
2008-07-31,96.0
2008-08-01,96.25
2008-08-04,96.5
2008-08-05,100.25
2008-08-06,103.25
2008-08-07,102.25
2008-08-08,109.5
2008-08-11,110.0
2008-08-12,110.25
2008-08-13,109.0
2008-08-14,108.0
2008-08-15,110.5
2008-08-18,109.0
2008-08-19,106.75
2008-08-20,106.75
2008-08-21,106.0
2008-08-22,109.75
2008-08-26,111.25
2008-08-27,109.75
2008-08-28,111.75
2008-08-29,111.5
2008-09-01,116.0
2008-09-02,121.5
2008-09-03,114.5
2008-09-04,111.0
2008-09-05,106.5
2008-09-08,112.25
2008-09-09,111.0
2008-09-10,111.25
2008-09-11,106.75
2008-09-12,107.25
2008-09-15,108.0
2008-09-16,115.5
2008-09-17,110.0
2008-09-18,113.5
2008-09-19,118.0
2008-09-22,110.0
2008-09-23,105.0
2008-09-24,106.0
2008-09-25,107.75
2008-09-26,101.5
2008-09-29,97.0
2008-09-30,95.0
2008-10-01,98.0
2008-10-02,98.75
2008-10-03,99.0
2008-10-06,89.75
2008-10-07,90.25
2008-10-08,89.0
2008-10-09,89.25
2008-10-10,87.5
2008-10-13,90.75
2008-10-14,88.5
2008-10-15,84.5
2008-10-16,84.25
2008-10-17,88.0
2008-10-20,90.25
2008-10-21,88.5
2008-10-22,88.25
2008-10-23,86.75
2008-10-24,82.75
2008-10-27,80.5
2008-10-28,97.5
2008-10-29,100.0
2008-10-30,99.0
2008-10-31,96.75
2008-11-03,101.5
2008-11-04,109.0
2008-11-05,106.25
2008-11-06,100.0
2008-11-07,104.75
2008-11-10,102.0
2008-11-11,98.0
2008-11-12,95.0
2008-11-13,91.5
2008-11-14,90.0
2008-11-17,90.25
2008-11-18,88.25
2008-11-19,86.0
2008-11-20,89.0
2008-11-21,91.0
2008-11-24,97.75
2008-11-25,93.0
2008-11-26,94.25
2008-11-27,94.5
2008-11-28,95.75
2008-12-01,90.0
2008-12-02,88.25
2008-12-03,85.75
2008-12-04,84.5
2008-12-05,83.75
2008-12-08,86.0
2008-12-09,87.5
2008-12-10,88.0
2008-12-11,85.25
2008-12-12,85.5
2008-12-15,84.25
2008-12-16,86.0
2008-12-17,88.25
2008-12-18,86.5
2008-12-19,85.5
2008-12-22,85.5
2008-12-23,85.0
2008-12-24,87.75
2008-12-29,86.25
2008-12-30,87.5
2008-12-31,86.5
2009-01-02,90.5
2009-01-05,98.25
2009-01-06,101.25
2009-01-07,92.25
2009-01-08,88.75
2009-01-09,85.75
2009-01-12,86.0
2009-01-13,84.25
2009-01-14,83.0
2009-01-15,82.5
2009-01-16,81.5
2009-01-19,83.5
2009-01-20,84.25
2009-01-21,81.25
2009-01-22,81.5
2009-01-23,82.25
2009-01-26,86.5
2009-01-27,89.5
2009-01-28,93.75
2009-01-29,90.0
2009-01-30,91.75
2009-02-02,87.0
2009-02-03,94.25
2009-02-04,94.75
2009-02-05,95.25
2009-02-06,99.75
2009-02-09,95.25
2009-02-11,96.25
2009-02-12,97.75
2009-02-13,96.5
2009-02-16,96.0
2009-02-17,94.0
2009-02-18,93.5
2009-02-19,90.0
2009-02-20,86.5
2009-02-23,85.5
2009-02-24,86.25
2009-02-25,93.5
2009-02-26,96.25
2009-02-27,95.75
2009-03-02,93.5
2009-03-03,93.0
2009-03-04,91.25
2009-03-05,89.75
2009-03-06,90.0
2009-03-09,90.5
2009-03-10,95.0
2009-03-11,96.0
2009-03-12,98.75
2009-03-13,103.5
2009-03-16,104.5
2009-03-17,106.0
2009-03-18,106.0
2009-03-19,102.5
2009-03-20,101.75
2009-03-23,101.0
2009-03-24,101.75
2009-03-25,103.5
2009-03-26,103.0
2009-03-27,103.0
2009-03-30,101.5
2009-03-31,102.5
2009-04-01,108.5
2009-04-02,110.0
2009-04-03,109.75
2009-04-06,113.0
2009-04-07,110.75
2009-04-08,110.0
2009-04-09,112.5
2009-04-14,112.25
2009-04-15,112.5
2009-04-16,114.5
2009-04-17,115.0
2009-04-20,113.25
2009-04-21,115.0
2009-04-22,116.75
2009-04-23,116.25
2009-04-24,116.25
2009-04-27,116.5
2009-04-28,116.0
2009-04-29,116.0
2009-04-30,120.0
2009-05-01,118.25
2009-05-05,121.75
2009-05-06,114.75
2009-05-07,112.5
2009-05-08,107.0
2009-05-11,105.75
2009-05-12,108.75
2009-05-13,109.0
2009-05-14,107.5
2009-05-15,109.75
2009-05-18,114.75
2009-05-19,117.5
2009-05-20,118.5
2009-05-21,112.0
2009-05-22,110.5
2009-05-26,106.0
2009-05-27,109.5
2009-05-28,106.75
2009-05-29,106.25
2009-06-01,107.25
2009-06-02,108.5
2009-06-03,104.0
2009-06-04,104.5
2009-06-05,106.5
2009-06-08,107.75
2009-06-09,107.5
2009-06-10,106.5
2009-06-11,105.25
2009-06-12,108.25
2009-06-15,108.25
2009-06-16,108.0
2009-06-17,107.0
2009-06-18,107.75
2009-06-19,112.75
2009-06-22,109.75
2009-06-23,109.25
2009-06-24,111.75
2009-06-26,117.75
2009-06-29,119.1
2009-06-30,119.75
2009-07-01,120.0
2009-07-02,120.5
2009-07-03,120.5
2009-07-06,118.75
2009-07-07,117.75
2009-07-08,117.5
2009-07-09,117.5
2009-07-10,122.25
2009-07-13,123.75
2009-07-14,125.0
2009-07-15,130.5
2009-07-16,126.5
2009-07-17,126.0
2009-07-20,127.5
2009-07-21,128.5
2009-07-22,130.0
2009-07-23,130.0
2009-07-24,127.0
2009-07-27,132.25
2009-07-28,128.75
2009-07-29,126.5
2009-07-30,129.5
2009-07-31,126.25
2009-08-03,128.0
2009-08-04,129.5
2009-08-05,125.4
2009-08-06,124.9
2009-08-07,126.3
2009-08-10,126.7
2009-08-12,124.6
2009-08-13,123.6
2009-08-14,122.2
2009-08-17,120.6
2009-08-18,124.5
2009-08-19,124.0
2009-08-20,125.3
2009-08-21,127.4
2009-08-24,127.4
2009-08-25,126.1
2009-08-26,126.0
2009-08-27,128.2
2009-08-28,130.9
2009-09-01,127.0
2009-09-03,124.4
2009-09-04,126.9
2009-09-07,130.4
2009-09-08,132.3
2009-09-09,134.1
2009-09-10,134.8
2009-09-11,137.6
2009-09-14,135.8
2009-09-15,135.4
2009-09-16,136.6
2009-09-17,134.9
2009-09-18,135.7
2009-09-21,137.3
2009-09-22,136.1
2009-09-23,138.2
2009-09-24,136.7
2009-09-25,140.5
2009-09-28,141.0
2009-09-29,143.8
2009-09-30,143.6
2009-10-01,139.6
2009-10-02,136.2
2009-10-05,137.9
2009-10-06,143.1
2009-10-07,144.6
2009-10-08,146.7
2009-10-09,152.2
2009-10-12,153.9
2009-10-13,152.0
2009-10-14,154.8
2009-10-15,154.5
2009-10-16,152.6
2009-10-19,157.7
2009-10-20,160.6
2009-10-21,156.0
2009-10-22,150.5
2009-10-23,151.0
2009-10-26,149.2
2009-10-27,150.0
2009-10-28,146.3
2009-10-29,149.0
2009-10-30,149.0
2009-11-02,150.3
2009-11-03,147.0
2009-11-04,150.4
2009-11-05,152.2
2009-11-06,151.7
2009-11-09,155.2
2009-11-10,153.5
2009-11-11,158.6
2009-11-12,158.1
2009-11-13,158.2
2009-11-16,161.3
2009-11-17,159.7
2009-11-18,167.5
2009-11-19,156.0
2009-11-20,151.8
2009-11-23,155.0
2009-11-24,157.9
2009-11-25,158.5
2009-11-26,154.1
2009-11-27,158.1
2009-11-30,154.7
2009-12-01,160.4
2009-12-02,160.3
2009-12-03,161.3
2009-12-04,164.1
2009-12-07,163.2
2009-12-08,166.8
2009-12-09,171.7
2009-12-10,167.2
2009-12-11,169.3
2009-12-14,169.8
2009-12-15,170.5
2009-12-16,173.1
2009-12-17,170.4
2009-12-18,170.3
2009-12-21,172.7
2009-12-22,173.7
2009-12-23,173.2
2009-12-24,175.2
2009-12-29,176.0
2009-12-30,178.4
2009-12-31,177.5
2010-01-04,183.6
2010-01-05,185.7
2010-01-06,189.4
2010-01-07,195.7
2010-01-08,194.7
2010-01-11,195.0
2010-01-12,190.8
2010-01-13,187.9
2010-01-14,189.8
2010-01-15,190.0
2010-01-18,186.9
2010-01-19,188.4
2010-01-20,188.5
2010-01-21,188.8
2010-01-22,189.3
2010-01-25,189.4
2010-01-26,191.6
2010-01-27,193.6
2010-01-28,190.7
2010-01-29,194.3
2010-02-01,189.8
2010-02-02,200.3
2010-02-03,205.2
2010-02-04,205.0
2010-02-05,205.0
2010-02-08,202.0
2010-02-09,199.7
2010-02-10,197.3
2010-02-11,199.6
2010-02-12,197.4
2010-02-15,194.9
2010-02-16,199.5
2010-02-17,200.2
2010-02-18,202.3
2010-02-19,202.7
2010-02-22,207.1
2010-02-23,201.9
2010-02-24,203.0
2010-02-25,200.2
2010-02-26,203.8
2010-03-01,209.1
2010-03-02,218.0
2010-03-03,222.4
2010-03-04,226.02
2010-03-05,232.9
2010-03-08,230.5
2010-03-09,229.0
2010-03-10,230.6
2010-03-11,227.5
2010-03-12,227.2
2010-03-15,222.5
2010-03-16,224.3
2010-03-17,228.2
2010-03-18,227.2
2010-03-19,225.1
2010-03-22,226.5
2010-03-23,231.5
2010-03-24,233.2
2010-03-25,237.1
2010-03-26,237.3
2010-03-29,238.7
2010-03-30,237.7
2010-03-31,238.3
2010-04-01,240.9
2010-04-06,246.3
2010-04-07,242.9
2010-04-08,240.5
2010-04-09,244.0
2010-04-12,234.8
2010-04-13,232.2
2010-04-14,235.5
2010-04-15,240.0
2010-04-16,237.0
2010-04-21,250.5
2010-04-22,258.9
2010-04-23,254.4
2010-04-26,258.6
2010-04-27,251.8
2010-04-28,248.1
2010-04-29,254.9
2010-04-30,256.3
2010-05-04,250.3
2010-05-05,246.2
2010-05-06,244.3
2010-05-07,230.5
2010-05-10,248.9
2010-05-11,247.56
2010-05-13,254.7
2010-05-14,241.5
2010-05-17,247.7
2010-05-18,249.3
2010-05-19,237.1
2010-05-20,233.6
2010-05-21,237.2
2010-05-24,242.2
2010-05-25,228.4
2010-05-26,239.5
2010-05-27,241.81
2010-05-28,246.2
2010-06-01,252.5
2010-06-02,255.2
2010-06-03,267.9
2010-06-04,264.6
2010-06-07,272.8
2010-06-08,264.3
2010-06-09,274.0
2010-06-10,290.1
2010-06-11,289.4
2010-06-14,293.0
2010-06-15,292.0
2010-06-16,288.99
2010-06-17,289.7
2010-06-18,290.2
2010-06-21,291.0
2010-06-22,289.5
2010-06-23,284.9
2010-06-24,284.7
2010-06-25,281.1
2010-06-28,284.6
2010-06-29,279.3
2010-06-30,277.5
2010-07-01,272.3
2010-07-02,270.5
2010-07-05,270.9
2010-07-06,273.0
2010-07-07,280.6
2010-07-08,290.4
2010-07-09,295.5
2010-07-12,299.0
2010-07-13,308.9
2010-07-14,318.5
2010-07-15,310.8
2010-07-16,304.1
2010-07-19,300.9
2010-07-20,300.5
2010-07-21,308.0
2010-07-22,316.5
2010-07-23,353.3
2010-07-26,346.1
2010-07-27,333.9
2010-07-28,335.5
2010-07-29,331.8
2010-07-30,328.2
2010-08-02,332.0
2010-08-03,312.1
2010-08-04,315.5
2010-08-05,321.5
2010-08-06,316.0
2010-08-09,318.2
2010-08-10,317.0
2010-08-11,305.8
2010-08-12,308.8
2010-08-13,308.0
2010-08-16,307.0
2010-08-17,320.0
2010-08-18,314.2
2010-08-19,320.3
2010-08-20,321.2
2010-08-23,327.7
2010-08-24,330.0
2010-08-25,331.8
2010-08-26,333.0
2010-08-27,337.8
2010-08-31,366.8
2010-09-01,374.1
2010-09-02,360.0
2010-09-03,367.5
2010-09-06,370.6
2010-09-07,366.3
2010-09-08,387.7
2010-09-09,403.2
2010-09-10,399.4
2010-09-13,405.0
2010-09-14,389.0
2010-09-15,386.8
2010-09-16,389.4
2010-09-17,390.6
2010-09-20,394.65
2010-09-21,392.4
2010-09-22,386.7
2010-09-23,390.8
2010-09-24,414.6
2010-09-27,409.5
2010-09-28,404.3
2010-09-29,402.8
2010-09-30,392.2
2010-10-01,405.0
2010-10-04,401.5
2010-10-05,400.0
2010-10-06,389.3
2010-10-07,387.9
2010-10-08,382.0
2010-10-11,376.7
2010-10-12,375.7
2010-10-13,382.3
2010-10-14,388.2
2010-10-15,388.0
2010-10-18,399.1
2010-10-19,388.7
2010-10-20,385.6
2010-10-21,382.2
2010-10-22,383.5
2010-10-25,389.2
2010-10-26,366.2
2010-10-27,360.4
2010-10-28,372.0
2010-10-29,363.3
2010-11-01,359.9
2010-11-02,355.6
2010-11-03,345.4
2010-11-04,338.9
2010-11-05,349.7
2010-11-08,351.0
2010-11-09,354.73
2010-11-10,350.3
2010-11-11,350.6
2010-11-12,353.9
2010-11-15,351.6
2010-11-16,352.3
2010-11-17,357.13
2010-11-18,370.6
2010-11-19,384.9
2010-11-22,383.7
2010-11-23,379.7
2010-11-24,394.2
2010-11-25,394.0
2010-11-26,398.5
2010-11-29,390.9
2010-11-30,395.8
2010-12-01,400.0
2010-12-02,402.1
2010-12-03,402.8
2010-12-06,398.5
2010-12-07,399.85
2010-12-08,399.7
2010-12-09,399.46
2010-12-10,395.9
2010-12-13,396.9
2010-12-14,394.5
2010-12-15,390.5
2010-12-16,389.6
2010-12-17,394.0
2010-12-20,392.1
2010-12-21,403.5
2010-12-22,440.3
2010-12-23,429.8
2010-12-24,430.0
2010-12-29,433.4
2010-12-30,430.1
2010-12-31,423.3
2011-01-04,437.9
2011-01-05,471.4
2011-01-06,482.0
2011-01-07,459.6
2011-01-10,465.0
2011-01-11,497.5
2011-01-12,496.7
2011-01-13,504.0
2011-01-14,530.5
2011-01-17,514.5
2011-01-18,536.5
2011-01-19,533.5
2011-01-20,509.5
2011-01-21,518.0
2011-01-24,518.5
2011-01-25,520.5
2011-01-26,535.5
2011-01-27,532.0
2011-01-28,519.0
2011-01-31,516.0
2011-02-01,547.5
2011-02-02,571.5
2011-02-03,575.0
2011-02-04,588.0
2011-02-07,611.0
2011-02-08,595.0
2011-02-09,602.0
2011-02-10,595.0
2011-02-11,611.0
2011-02-14,651.0
2011-02-15,622.5
2011-02-16,636.5
2011-02-17,630.0
2011-02-18,620.0
2011-02-21,597.0
2011-02-22,586.5
2011-02-23,577.5
2011-02-24,573.5
2011-02-25,608.0
2011-02-28,617.0
2011-03-01,596.0
2011-03-02,596.0
2011-03-03,595.0
2011-03-04,583.5
2011-03-07,590.0
2011-03-08,589.5
2011-03-09,574.0
2011-03-10,522.5
2011-03-11,523.0
2011-03-14,525.5
2011-03-15,517.5
2011-03-16,504.0
2011-03-17,533.5
2011-03-18,511.0
2011-03-21,516.0
2011-03-22,513.5
2011-03-23,521.0
2011-03-24,536.0
2011-03-25,545.0
2011-03-28,558.5
2011-03-29,556.5
2011-03-30,562.5
2011-03-31,575.0
2011-04-01,580.5
2011-04-04,573.5
2011-04-05,588.5
2011-04-06,586.0
2011-04-07,581.5
2011-04-08,584.0
2011-04-11,582.5
2011-04-12,560.0
2011-04-13,598.0
2011-04-14,590.5
2011-04-15,595.5
2011-04-18,575.5
2011-04-19,575.5
2011-04-20,608.0
2011-04-21,605.0
2011-04-26,625.5
2011-04-27,615.5
2011-04-28,620.5
2011-05-03,602.0
2011-05-04,558.0
2011-05-05,567.0
2011-05-06,595.0
2011-05-09,586.0
2011-05-10,593.0
2011-05-11,597.5
2011-05-12,590.5
2011-05-13,584.5
2011-05-16,582.0
2011-05-17,555.5
2011-05-18,576.0
2011-05-19,576.5
2011-05-20,572.0
2011-05-23,551.5
2011-05-24,556.0
2011-05-25,558.0
2011-05-26,564.5
2011-05-27,575.0
2011-05-31,572.5
2011-06-01,571.5
2011-06-02,571.0
2011-06-03,570.0
2011-06-06,581.5
2011-06-07,574.0
2011-06-08,565.5
2011-06-09,566.5
2011-06-10,567.5
2011-06-13,575.0
2011-06-14,577.5
2011-06-15,577.0
2011-06-16,561.5
2011-06-17,556.0
2011-06-20,551.0
2011-06-21,567.5
2011-06-22,568.0
2011-06-23,566.5
2011-06-24,588.0
2011-06-27,581.5
2011-06-28,589.5
2011-06-29,594.5
2011-06-30,588.0
2011-07-01,593.5
2011-07-04,609.5
2011-07-05,601.5
2011-07-06,616.0
2011-07-07,637.0
2011-07-08,611.0
2011-07-11,627.5
2011-07-12,596.5
2011-07-13,591.5
2011-07-14,574.5
2011-07-15,564.0
2011-07-18,569.0
2011-07-19,582.5
2011-07-20,611.0
2011-07-21,601.0
2011-07-22,610.0
2011-07-25,616.0
2011-07-26,595.5
2011-07-27,589.0
2011-07-28,587.0
2011-07-29,584.0
2011-08-01,579.0
2011-08-02,570.0
2011-08-03,551.5
2011-08-04,524.5
2011-08-05,506.0
2011-08-08,464.0
2011-08-09,499.5
2011-08-10,488.7
2011-08-11,520.0
2011-08-12,526.0
2011-08-15,520.5
2011-08-16,525.5
2011-08-17,514.5
2011-08-18,478.7
2011-08-19,490.0
2011-08-22,492.0
2011-08-23,514.0
2011-08-24,530.0
2011-08-25,528.5
2011-08-26,533.0
2011-08-30,545.0
2011-08-31,570.0
2011-09-01,566.0
2011-09-02,550.5
2011-09-05,533.5
2011-09-06,536.0
2011-09-07,564.5
2011-09-08,590.0
2011-09-09,580.5
2011-09-12,590.0
2011-09-13,586.5
2011-09-14,598.5
2011-09-15,610.0
2011-09-16,595.0
2011-09-19,596.5
2011-09-20,619.0
2011-09-21,610.0
2011-09-22,575.0
2011-09-23,574.5
2011-09-26,564.0
2011-09-27,593.0
2011-09-28,592.0
2011-09-29,573.0
2011-09-30,564.0
2011-10-03,540.0
2011-10-04,538.5
2011-10-05,552.0
2011-10-06,560.0
2011-10-07,554.5
2011-10-10,591.0
2011-10-11,595.5
2011-10-12,600.5
2011-10-13,594.0
2011-10-14,594.0
2011-10-17,597.0
2011-10-18,591.5
2011-10-19,580.5
2011-10-20,565.35
2011-10-21,567.5
2011-10-24,575.5
2011-10-25,590.0
2011-10-26,585.5
2011-10-27,606.5
2011-10-28,602.5
2011-10-31,584.5
2011-11-01,572.0
2011-11-02,587.0
2011-11-03,602.0
2011-11-04,645.0
2011-11-07,620.5
2011-11-08,624.0
2011-11-09,616.0
2011-11-10,624.0
2011-11-11,634.5
2011-11-14,632.0
2011-11-15,627.0
2011-11-16,634.0
2011-11-17,622.5
2011-11-18,598.0
2011-11-21,568.0
2011-11-22,568.0
2011-11-23,557.0
2011-11-24,560.0
2011-11-25,553.0
2011-11-28,574.0
2011-11-29,576.5
2011-11-30,594.0
2011-12-01,592.0
2011-12-02,600.5
2011-12-05,589.5
2011-12-06,591.0
2011-12-07,575.0
2011-12-08,570.0
2011-12-09,570.0
2011-12-12,565.0
2011-12-13,569.5
2011-12-14,548.0
2011-12-15,551.0
2011-12-16,550.5
2011-12-19,555.5
2011-12-20,576.0
2011-12-21,564.5
2011-12-22,575.0
2011-12-23,579.5
2011-12-28,581.14
2011-12-29,591.5
2011-12-30,592.0
2012-01-03,604.0
2012-01-04,594.5
2012-01-05,610.0
2012-01-06,609.5
2012-01-09,613.0
2012-01-10,604.0
2012-01-11,588.5
2012-01-12,584.5
2012-01-13,575.0
2012-01-16,581.0
2012-01-17,582.0
2012-01-18,585.0
2012-01-19,580.5
2012-01-20,575.5
2012-01-23,590.5
2012-01-24,580.0
2012-01-25,597.5
2012-01-26,598.0
2012-01-27,596.0
2012-01-30,597.5
2012-01-31,609.5
2012-02-01,592.5
2012-02-02,577.0
2012-02-03,588.0
2012-02-06,577.0
2012-02-07,568.0
2012-02-08,566.5
2012-02-09,561.5
2012-02-10,567.5
2012-02-13,575.5
2012-02-14,582.5
2012-02-15,590.5
2012-02-16,585.5
2012-02-17,584.0
2012-02-20,586.0
2012-02-21,582.0
2012-02-22,578.5
2012-02-23,573.5
2012-02-24,574.0
2012-02-27,575.5
2012-02-28,583.5
2012-02-29,569.5
2012-03-01,561.0
2012-03-02,554.0
2012-03-05,543.5
2012-03-06,535.5
2012-03-07,549.5
2012-03-08,569.0
2012-03-09,570.0
2012-03-12,572.5
2012-03-13,573.0
2012-03-14,566.5
2012-03-15,573.0
2012-03-16,576.5
2012-03-19,580.0
2012-03-20,584.5
2012-03-21,593.5
2012-03-22,592.0
2012-03-23,593.5
2012-03-26,597.5
2012-03-27,601.0
2012-03-28,600.0
2012-03-29,592.5
2012-03-30,592.0
2012-04-02,607.5
2012-04-03,611.0
2012-04-04,592.5
2012-04-05,600.0
2012-04-10,582.5
2012-04-11,582.5
2012-04-12,591.5
2012-04-13,588.5
2012-04-16,599.0
2012-04-17,599.0
2012-04-18,608.0
2012-04-19,607.5
2012-04-20,589.53
2012-04-23,566.5
2012-04-24,531.5
2012-04-25,537.5
2012-04-26,533.0
2012-04-27,537.0
2012-04-30,524.0
2012-05-01,522.0
2012-05-02,515.5
2012-05-03,514.0
2012-05-04,507.0
2012-05-08,480.5
2012-05-09,487.5
2012-05-10,507.5
2012-05-11,507.0
2012-05-14,491.3
2012-05-15,487.3
2012-05-16,487.0
2012-05-17,477.5
2012-05-18,470.0
2012-05-21,478.0
2012-05-22,489.8
2012-05-23,482.4
2012-05-24,495.2
2012-05-25,491.2
2012-05-28,501.5
2012-05-29,507.5
2012-05-30,508.5
2012-05-31,506.5
2012-06-01,497.9
2012-06-06,503.5
2012-06-07,510.5
2012-06-08,504.5
2012-06-11,505.5
2012-06-12,504.0
2012-06-13,512.0
2012-06-14,502.0
2012-06-15,486.7
2012-06-18,490.6
2012-06-19,508.0
2012-06-20,519.5
2012-06-21,517.0
2012-06-22,506.0
2012-06-25,499.7
2012-06-26,483.6
2012-06-27,497.4
2012-06-28,499.0
2012-06-29,505.5
2012-07-02,511.0
2012-07-03,517.0
2012-07-04,512.0
2012-07-05,521.0
2012-07-06,509.0
2012-07-09,495.9
2012-07-10,480.5
2012-07-11,488.0
2012-07-12,486.5
2012-07-13,490.7
2012-07-16,487.7
2012-07-17,469.0
2012-07-18,478.1
2012-07-19,491.6
2012-07-20,494.4
2012-07-23,481.3
2012-07-24,484.8
2012-07-25,526.5
2012-07-26,544.0
2012-07-27,548.0
2012-07-30,554.0
2012-07-31,552.34
2012-08-01,563.5
2012-08-02,558.5
2012-08-03,570.0
2012-08-06,573.0
2012-08-07,578.0
2012-08-08,575.0
2012-08-09,581.0
2012-08-10,574.0
2012-08-13,570.5
2012-08-14,574.0
2012-08-15,584.0
2012-08-16,575.5
2012-08-17,582.5
2012-08-20,584.0
2012-08-21,588.5
2012-08-22,580.0
2012-08-23,580.0
2012-08-24,579.0
2012-08-28,576.0
2012-08-29,577.0
2012-08-30,572.0
2012-08-31,574.0
2012-09-03,559.5
2012-09-04,528.0
2012-09-05,531.0
2012-09-06,547.0
2012-09-07,547.0
2012-09-10,549.0
2012-09-11,552.0
2012-09-12,555.0
2012-09-13,562.0
2012-09-14,582.0
2012-09-17,584.5
2012-09-18,588.5
2012-09-19,585.0
2012-09-20,579.0
2012-09-21,578.5
2012-09-24,572.5
2012-09-25,585.0
2012-09-26,566.0
2012-09-27,571.0
2012-09-28,575.0
2012-10-01,586.0
2012-10-02,577.0
2012-10-03,589.0
2012-10-04,589.5
2012-10-05,598.5
2012-10-08,595.0
2012-10-09,595.5
2012-10-10,578.5
2012-10-11,579.0
2012-10-12,578.5
2012-10-15,577.5
2012-10-16,596.0
2012-10-17,599.5
2012-10-18,592.5
2012-10-19,591.0
2012-10-22,594.5
2012-10-23,640.0
2012-10-24,675.5
2012-10-25,665.0
2012-10-26,656.5
2012-10-29,665.5
2012-10-30,675.5
2012-10-31,665.0
2012-11-01,694.0
2012-11-02,696.0
2012-11-05,695.0
2012-11-06,709.5
2012-11-07,705.0
2012-11-08,709.5
2012-11-09,712.5
2012-11-12,715.5
2012-11-13,720.0
2012-11-14,723.0
2012-11-15,715.5
2012-11-16,711.0
2012-11-19,747.0
2012-11-20,726.5
2012-11-21,737.0
2012-11-22,738.5
2012-11-23,742.5
2012-11-26,740.5
2012-11-27,758.0
2012-11-28,772.5
2012-11-29,762.5
2012-11-30,774.0
2012-12-03,770.5
2012-12-04,762.0
2012-12-05,752.0
2012-12-06,755.0
2012-12-07,754.0
2012-12-10,759.0
2012-12-11,764.0
2012-12-12,759.0
2012-12-13,751.0
2012-12-14,743.0
2012-12-17,745.0
2012-12-18,757.0
2012-12-19,775.0
2012-12-20,782.5
2012-12-21,776.0
2012-12-24,770.5
2012-12-27,768.5
2012-12-28,770.0
2012-12-31,768.0
2013-01-02,796.5
2013-01-03,796.0
2013-01-04,802.0
2013-01-07,799.5
2013-01-08,808.5
2013-01-09,827.0
2013-01-10,863.5
2013-01-11,870.0
2013-01-14,873.0
2013-01-15,841.0
2013-01-16,843.5
2013-01-17,855.5
2013-01-18,861.0
2013-01-21,855.0
2013-01-22,849.0
2013-01-23,849.5
2013-01-24,867.5
2013-01-25,870.5
2013-01-28,868.5
2013-01-29,869.5
2013-01-30,873.5
2013-01-31,863.0
2013-02-01,893.5
2013-02-04,892.0
2013-02-05,931.0
2013-02-06,932.5
2013-02-07,924.5
2013-02-08,919.0
2013-02-11,903.5
2013-02-12,925.0
2013-02-13,927.0
2013-02-14,925.0
2013-02-15,940.0
2013-02-18,923.0
2013-02-19,941.5
2013-02-20,951.5
2013-02-21,919.5
2013-02-22,924.0
2013-02-25,939.0
2013-02-26,936.0
2013-02-27,950.0
2013-02-28,955.0
2013-03-01,965.5
2013-03-04,963.0
2013-03-05,971.5
2013-03-06,963.0
2013-03-07,946.0
2013-03-08,945.5
2013-03-11,948.5
2013-03-12,950.0
2013-03-13,920.0
2013-03-14,922.5
2013-03-15,928.5
2013-03-18,920.5
2013-03-19,896.5
2013-03-20,906.5
2013-03-21,878.5
2013-03-22,879.0
2013-03-25,916.0
2013-03-26,918.0
2013-03-27,918.5
2013-03-28,921.0
2013-04-02,916.0
2013-04-03,916.0
2013-04-04,879.5
2013-04-05,878.0
2013-04-08,885.5
2013-04-09,876.5
2013-04-10,886.5
2013-04-11,899.5
2013-04-12,896.0
2013-04-15,896.5
2013-04-16,868.0
2013-04-17,868.0
2013-04-18,866.0
2013-04-19,872.5
2013-04-22,869.0
2013-04-23,972.0
2013-04-24,985.0
2013-04-25,988.5
2013-04-26,979.0
2013-04-29,979.0
2013-04-30,996.0
2013-05-01,1026.0
2013-05-02,1013.0
2013-05-03,1032.0
2013-05-07,1046.0
2013-05-08,1068.0
2013-05-09,1069.0
2013-05-10,1072.0
2013-05-13,1068.0
2013-05-14,1076.0
2013-05-15,1097.0
2013-05-16,1096.0
2013-05-17,1088.0
2013-05-20,1096.0
2013-05-21,1065.0
2013-05-22,1050.0
2013-05-23,995.0
2013-05-24,985.5
2013-05-28,1010.0
2013-05-29,977.5
2013-05-30,995.0
2013-05-31,988.0
2013-06-03,919.0
2013-06-04,924.0
2013-06-05,893.0
2013-06-06,878.5
2013-06-07,864.5
2013-06-10,869.0
2013-06-11,866.0
2013-06-12,858.0
2013-06-13,857.0
2013-06-14,862.0
2013-06-17,830.0
2013-06-18,846.0
2013-06-19,835.5
2013-06-20,799.0
2013-06-21,772.5
2013-06-24,758.5
2013-06-25,786.0
2013-06-26,795.0
2013-06-27,803.5
2013-06-28,795.0
2013-07-01,805.5
2013-07-02,807.5
2013-07-03,820.5
2013-07-04,851.0
2013-07-05,841.0
2013-07-08,860.0
2013-07-09,863.0
2013-07-10,854.5
2013-07-11,869.0
2013-07-12,897.0
2013-07-15,908.0
2013-07-16,912.0
2013-07-17,908.0
2013-07-18,921.0
2013-07-19,897.5
2013-07-22,906.0
2013-07-23,898.0
2013-07-24,894.31
2013-07-25,859.0
2013-07-26,846.0
2013-07-29,858.5
2013-07-30,865.5
2013-07-31,875.0
2013-08-01,889.0
2013-08-02,881.0
2013-08-05,872.0
2013-08-06,886.5
2013-08-07,860.5
2013-08-08,880.0
2013-08-09,875.0
2013-08-12,886.5
2013-08-13,891.5
2013-08-14,897.0
2013-08-15,874.5
2013-08-16,870.0
2013-08-19,889.0
2013-08-20,887.5
2013-08-21,871.5
2013-08-22,878.5
2013-08-23,890.0
2013-08-27,872.0
2013-08-28,863.5
2013-08-29,882.5
2013-08-30,875.0
2013-09-02,893.5
2013-09-03,884.0
2013-09-04,875.0
2013-09-05,894.0
2013-09-06,892.5
2013-09-09,917.5
2013-09-10,941.0
2013-09-11,986.5
2013-09-12,986.5
2013-09-13,972.0
2013-09-16,972.0
2013-09-17,953.5
2013-09-18,984.0
2013-09-19,1001.0
2013-09-20,1001.0
2013-09-24,993.0
2013-09-25,994.0
2013-09-26,1004.0
2013-09-27,1010.0
2013-09-30,986.0
2013-10-01,998.0
2013-10-02,996.5
2013-10-03,982.0
2013-10-04,983.0
2013-10-07,970.0
2013-10-08,977.5
2013-10-09,945.5
2013-10-10,983.5
2013-10-11,984.0
2013-10-14,986.5
2013-10-15,1018.0
2013-10-16,1030.0
2013-10-17,1005.0
2013-10-18,1014.0
2013-10-21,1036.65
2013-10-22,1004.0
2013-10-23,953.5
2013-10-24,960.5
2013-10-25,983.0
2013-10-28,972.0
2013-10-29,991.0
2013-10-30,994.0
2013-10-31,985.5
2013-11-01,976.0
2013-11-04,967.0
2013-11-05,975.5
2013-11-06,980.0
2013-11-07,964.0
2013-11-08,941.0
2013-11-11,949.5
2013-11-12,934.44
2013-11-13,925.81
2013-11-14,929.5
2013-11-15,944.0
2013-11-18,959.5
2013-11-19,950.0
2013-11-20,955.0
2013-11-21,964.0
2013-11-22,991.0
2013-11-25,1005.0
2013-11-26,1003.0
2013-11-27,1004.0
2013-11-28,1017.0
2013-11-29,1018.0
2013-12-02,1011.0
2013-12-03,1003.0
2013-12-04,1005.0
2013-12-05,1002.0
2013-12-06,1018.0
2013-12-09,1011.0
2013-12-10,999.0
2013-12-11,994.5
2013-12-12,972.0
2013-12-13,1001.0
2013-12-16,995.5
2013-12-17,993.0
2013-12-18,1027.0
2013-12-19,1056.0
2013-12-20,1068.0
2013-12-23,1110.0
2013-12-24,1095.0
2013-12-27,1106.0
2013-12-30,1096.0
2013-12-31,1099.0
2014-01-02,1095.0
2014-01-03,1087.0
2014-01-06,1078.72
2014-01-07,1055.0
2014-01-08,1067.0
2014-01-09,997.5
2014-01-10,972.0
2014-01-13,978.0
2014-01-14,997.0
2014-01-15,1007.0
2014-01-16,986.5
2014-01-17,989.0
2014-01-20,999.0
2014-01-21,991.0
2014-01-22,1004.0
2014-01-23,973.0
2014-01-24,978.0
2014-01-27,957.5
2014-01-28,944.5
2014-01-29,941.0
2014-01-30,946.0
2014-01-31,935.0
2014-02-03,930.0
2014-02-04,875.0
2014-02-05,892.5
2014-02-06,900.5
2014-02-07,906.66
2014-02-10,916.0
2014-02-11,937.0
2014-02-12,925.0
2014-02-13,937.5
2014-02-14,931.0
2014-02-17,939.0
2014-02-18,946.5
2014-02-19,950.5
2014-02-20,947.0
2014-02-21,970.0
2014-02-24,989.0
2014-02-25,975.5
2014-02-26,991.0
2014-02-27,992.0
2014-02-28,1010.0
2014-03-03,986.0
2014-03-04,1014.0
2014-03-05,1008.0
2014-03-06,1007.0
2014-03-07,1001.0
2014-03-10,992.0
2014-03-11,992.5
2014-03-12,980.5
2014-03-13,966.0
2014-03-14,951.5
2014-03-17,964.0
2014-03-18,982.5
2014-03-19,976.5
2014-03-20,990.5
2014-03-21,994.45
2014-03-24,978.5
2014-03-25,979.5
2014-03-26,980.9
2014-03-27,971.95
2014-03-28,977.5
2014-03-31,997.95
2014-04-01,1044.02
2014-04-02,1030.9
2014-04-03,1026.5
2014-04-04,996.0
2014-04-07,972.5
2014-04-08,984.4
2014-04-09,1028.95
2014-04-10,1004.0
2014-04-11,958.5
2014-04-14,954.5
2014-04-15,930.0
2014-04-16,932.0
2014-04-17,976.5
2014-04-22,982.9
2014-04-23,956.0
2014-04-24,960.0
2014-04-25,945.5
2014-04-28,915.0
2014-04-29,909.0
2014-04-30,891.5
2014-05-01,886.0
2014-05-02,886.0
2014-05-06,887.0
2014-05-07,871.5
2014-05-08,901.5
2014-05-09,886.0
2014-05-12,909.5
2014-05-13,906.5
2014-05-14,890.5
2014-05-15,866.0
2014-05-16,860.5
2014-05-19,868.0
2014-05-20,845.0
2014-05-21,861.0
2014-05-22,889.5
2014-05-23,882.0
2014-05-27,917.0
2014-05-28,925.45
2014-05-29,918.0
2014-05-30,919.95
2014-06-02,915.45
2014-06-03,913.45
2014-06-04,914.95
2014-06-05,894.0
2014-06-06,897.0
2014-06-09,909.5
2014-06-10,908.0
2014-06-11,907.5
2014-06-12,898.0
2014-06-13,884.5
2014-06-16,885.0
2014-06-17,893.0
2014-06-18,891.0
2014-06-19,891.0
2014-06-20,889.0
2014-06-23,908.0
2014-06-24,908.0
2014-06-25,886.09
2014-06-26,876.0
2014-06-27,881.5
2014-06-30,881.09
2014-07-01,897.0
2014-07-02,903.5
2014-07-03,915.0
2014-07-04,911.0
2014-07-07,902.5
2014-07-08,876.5
2014-07-09,867.5
2014-07-10,851.0
2014-07-11,844.0
2014-07-14,850.0
2014-07-15,833.5
2014-07-16,853.0
2014-07-17,837.0
2014-07-18,835.5
2014-07-21,833.5
2014-07-22,881.0
2014-07-23,880.5
2014-07-24,866.0
2014-07-25,862.0
2014-07-28,846.0
2014-07-29,842.0
2014-07-30,852.0
2014-07-31,847.0
2014-08-01,848.0
2014-08-04,843.0
2014-08-05,841.0
2014-08-06,851.5
2014-08-07,870.5
2014-08-08,887.5
2014-08-11,897.5
2014-08-12,895.0
2014-08-13,899.0
2014-08-14,904.0
2014-08-15,907.0
2014-08-18,930.5
2014-08-19,932.76
2014-08-20,938.0
2014-08-21,941.0
2014-08-22,952.0
2014-08-26,955.3
2014-08-27,960.5
2014-08-28,964.5
2014-08-29,971.0
2014-09-01,976.0
2014-09-02,986.0
2014-09-03,972.5
2014-09-04,973.5
2014-09-05,956.5
2014-09-08,981.0
2014-09-09,972.5
2014-09-10,950.3
2014-09-11,948.5
2014-09-12,954.5
2014-09-15,938.0
2014-09-16,920.0
2014-09-17,940.5
2014-09-18,953.0
2014-09-19,948.5
2014-09-22,935.0
2014-09-23,916.5
2014-09-24,930.0
2014-09-25,904.0
2014-09-26,919.0
2014-09-29,924.5
2014-09-30,906.0
2014-10-01,887.5
2014-10-02,876.0
2014-10-03,886.5
2014-10-06,883.0
2014-10-07,867.5
2014-10-08,855.5
2014-10-09,872.5
2014-10-10,842.5
2014-10-13,822.0
2014-10-14,853.0
2014-10-15,831.0
2014-10-16,862.5
2014-10-17,875.0
2014-10-20,851.5
2014-10-21,806.0
2014-10-22,827.0
2014-10-23,822.0
2014-10-24,817.0
2014-10-27,809.5
2014-10-28,826.5
2014-10-29,827.5
2014-10-30,838.5
2014-10-31,875.0
2014-11-03,880.5
2014-11-04,869.0
2014-11-05,875.0
2014-11-06,890.0
2014-11-07,871.5
2014-11-10,878.5
2014-11-11,874.5
2014-11-12,869.0
2014-11-13,873.0
2014-11-14,869.0
2014-11-17,890.0
2014-11-18,881.0
2014-11-19,884.0
2014-11-20,893.0
2014-11-21,902.88
2014-11-24,896.5
2014-11-25,900.0
2014-11-26,898.0
2014-11-27,914.5
2014-11-28,911.4
2014-12-01,915.5
2014-12-02,891.0
2014-12-03,915.0
2014-12-04,923.0
2014-12-05,946.5
2014-12-08,963.0
2014-12-09,943.0
2014-12-10,959.5
2014-12-11,959.0
2014-12-12,932.0
2014-12-15,914.0
2014-12-16,935.0
2014-12-17,930.0
2014-12-18,975.5
2014-12-19,971.5
2014-12-22,975.5
2014-12-23,998.0
2014-12-24,995.5
2014-12-29,996.0
2014-12-30,982.5
2014-12-31,995.0
