Date	Price
2000-01-04	101.72
2000-01-05	99.1
2000-01-06	113.69
2000-01-07	117.43
2000-01-10	116.68
2000-01-11	114.43
2000-01-12	110.32
2000-01-13	105.08
2000-01-14	108.45
2000-01-17	109.57
2000-01-18	106.95
2000-01-19	108.08
2000-01-20	107.7
2000-01-21	103.96
2000-01-24	102.47
2000-01-25	97.23
2000-01-26	93.45
2000-01-27	92.0
2000-01-28	87.51
2000-01-31	86.01
2000-02-01	82.27
2000-02-02	80.03
2000-02-03	79.99
2000-02-04	80.78
2000-02-07	78.5
2000-02-08	80.78
2000-02-09	81.52
2000-02-10	80.78
2000-02-11	87.51
2000-02-14	86.01
2000-02-15	82.27
2000-02-16	80.78
2000-02-17	80.78
2000-02-18	82.27
2000-02-21	80.03
2000-02-22	82.65
2000-02-23	87.88
2000-02-24	89.13
2000-02-25	89.05
2000-02-28	89.38
2000-02-29	93.49
2000-03-01	93.49
2000-03-02	90.5
2000-03-03	90.5
2000-03-06	90.5
2000-03-07	89.0
2000-03-08	90.5
2000-03-09	87.51
2000-03-10	92.74
2000-03-13	92.0
2000-03-14	94.61
2000-03-15	100.77
2000-03-16	100.97
2000-03-17	100.87
2000-03-20	97.23
2000-03-21	98.73
2000-03-22	100.22
2000-03-23	100.97
2000-03-24	100.97
2000-03-27	102.09
2000-03-28	100.97
2000-03-29	100.97
2000-03-30	100.97
2000-03-31	101.72
2000-04-03	96.11
2000-04-04	97.98
2000-04-05	99.48
2000-04-06	100.22
2000-04-07	103.21
2000-04-10	103.71
2000-04-11	102.04
2000-04-12	102.47
2000-04-13	102.84
2000-04-14	103.16
2000-04-17	96.86
2000-04-18	100.22
2000-04-19	100.22
2000-04-20	99.1
2000-04-21	99.1
2000-04-24	99.1
2000-04-25	100.97
2000-04-26	100.22
2000-04-27	97.23
2000-04-28	99.1
2000-05-01	99.1
2000-05-02	98.35
2000-05-03	97.98
2000-05-04	97.23
2000-05-05	97.98
2000-05-08	95.74
2000-05-09	95.74
2000-05-10	98.31
2000-05-11	101.72
2000-05-12	109.2
2000-05-15	119.67
2000-05-16	119.67
2000-05-17	117.43
2000-05-18	119.67
2000-05-19	113.69
2000-05-22	111.39
2000-05-23	108.82
2000-05-24	107.7
2000-05-25	108.08
2000-05-26	108.45
2000-05-29	108.45
2000-05-30	107.89
2000-05-31	106.21
2000-06-01	105.09
2000-06-02	107.7
2000-06-05	107.7
2000-06-06	106.58
2000-06-07	106.21
2000-06-08	108.08
2000-06-09	108.45
2000-06-12	109.2
2000-06-13	106.95
2000-06-14	106.21
2000-06-15	107.7
2000-06-16	109.95
2000-06-19	109.95
2000-06-20	106.95
2000-06-21	111.44
2000-06-22	110.69
2000-06-23	110.69
2000-06-26	106.95
2000-06-27	109.2
2000-06-28	108.45
2000-06-29	109.2
2000-06-30	108.45
2000-07-03	109.95
2000-07-04	106.21
2000-07-05	103.21
2000-07-06	103.59
2000-07-07	103.59
2000-07-10	101.34
2000-07-11	98.35
2000-07-12	97.23
2000-07-13	90.5
2000-07-14	93.12
2000-07-17	93.87
2000-07-18	93.49
2000-07-19	91.25
2000-07-20	91.25
2000-07-21	91.06
2000-07-24	91.06
2000-07-25	90.87
2000-07-26	90.66
2000-07-27	90.66
2000-07-28	97.23
2000-07-31	97.98
2000-08-01	103.21
2000-08-02	103.54
2000-08-03	102.79
2000-08-04	102.65
2000-08-07	105.08
2000-08-08	105.83
2000-08-09	105.83
2000-08-10	102.47
2000-08-11	102.47
2000-08-14	104.34
2000-08-15	103.21
2000-08-16	112.19
2000-08-17	100.97
2000-08-18	101.91
2000-08-21	106.21
2000-08-22	104.71
2000-08-23	103.21
2000-08-24	99.48
2000-08-25	95.74
2000-08-28	95.74
2000-08-29	96.48
2000-08-30	97.23
2000-08-31	96.11
2000-09-01	94.99
2000-09-04	94.99
2000-09-05	95.74
2000-09-06	91.94
2000-09-07	92.0
2000-09-08	105.83
2000-09-11	94.24
2000-09-12	93.49
2000-09-13	90.5
2000-09-14	88.26
2000-09-15	89.19
2000-09-18	86.76
2000-09-19	86.39
2000-09-20	83.77
2000-09-21	82.65
2000-09-22	81.9
2000-09-25	82.27
2000-09-26	84.47
2000-09-27	85.64
2000-09-28	81.52
2000-09-29	85.26
2000-10-02	84.89
2000-10-03	82.27
2000-10-04	82.27
2000-10-05	81.15
2000-10-06	80.22
2000-10-09	81.52
2000-10-10	79.65
2000-10-11	80.78
2000-10-12	77.78
2000-10-13	78.53
2000-10-16	75.54
2000-10-17	78.53
2000-10-18	77.78
2000-10-19	77.78
2000-10-20	80.78
2000-10-23	80.32
2000-10-24	80.78
2000-10-25	79.24
2000-10-26	80.36
2000-10-27	83.73
2000-10-30	83.77
2000-10-31	83.77
2000-11-01	84.47
2000-11-02	85.26
2000-11-03	85.26
2000-11-06	85.64
2000-11-07	89.75
2000-11-08	89.56
2000-11-09	93.49
2000-11-10	91.66
2000-11-13	90.5
2000-11-14	86.34
2000-11-15	89.75
2000-11-16	89.75
2000-11-17	89.0
2000-11-20	87.51
2000-11-21	89.75
2000-11-22	87.88
2000-11-23	88.26
2000-11-24	87.51
2000-11-27	86.39
2000-11-28	86.01
2000-11-29	84.52
2000-11-30	82.27
2000-12-01	83.81
2000-12-04	83.06
2000-12-05	88.44
2000-12-06	93.04
2000-12-07	90.45
2000-12-08	89.38
2000-12-11	93.49
2000-12-12	94.99
2000-12-13	94.57
2000-12-14	89.75
2000-12-15	90.5
2000-12-18	94.99
2000-12-19	94.99
2000-12-20	93.94
2000-12-21	93.49
2000-12-22	94.24
2000-12-27	92.0
2000-12-28	94.24
2000-12-29	94.99
2001-01-02	95.41
2001-01-03	96.48
2001-01-04	96.44
2001-01-05	101.29
2001-01-08	104.71
2001-01-09	104.21
2001-01-10	103.21
2001-01-11	101.72
2001-01-12	98.73
2001-01-15	98.73
2001-01-16	99.53
2001-01-17	98.91
2001-01-18	94.8
2001-01-19	95.04
2001-01-22	98.78
2001-01-23	99.66
2001-01-25	103.96
2001-01-29	104.9
2001-01-30	104.52
2001-01-31	103.96
2001-02-01	103.21
2001-02-02	105.46
2001-02-05	107.7
2001-02-06	105.46
2001-02-07	107.93
2001-02-08	109.25
2001-02-09	104.71
2001-02-12	104.34
2001-02-13	103.78
2001-02-14	109.39
2001-02-15	109.95
2001-02-16	108.53
2001-02-19	108.45
2001-02-20	107.03
2001-02-21	108.5
2001-02-22	112.0
2001-02-23	117.43
2001-02-26	116.62
2001-02-27	118.92
2001-02-28	118.49
2001-03-01	115.88
2001-03-02	115.18
2001-03-05	114.43
2001-03-06	113.24
2001-03-07	112.19
2001-03-08	111.44
2001-03-09	113.69
2001-03-12	121.39
2001-03-13	119.07
2001-03-15	117.43
2001-03-16	116.68
2001-03-19	116.68
2001-03-20	117.8
2001-03-21	115.93
2001-03-22	106.66
2001-03-23	107.7
2001-03-26	109.95
2001-03-27	109.95
2001-03-28	109.95
2001-03-29	106.21
2001-03-30	103.96
2001-04-02	108.45
2001-04-03	110.32
2001-04-04	114.43
2001-04-05	118.17
2001-04-06	120.69
2001-04-09	122.29
2001-04-10	124.31
2001-04-11	129.02
2001-04-12	129.77
2001-04-17	124.9
2001-04-18	125.28
2001-04-19	124.97
2001-04-20	121.97
2001-04-23	122.66
2001-04-24	128.33
2001-04-25	124.9
2001-04-26	125.28
2001-04-27	126.03
2001-04-30	125.28
2001-05-01	125.28
2001-05-02	127.15
2001-05-03	126.03
2001-05-04	129.02
2001-05-08	128.64
2001-05-09	125.59
2001-05-10	124.53
2001-05-11	122.29
2001-05-14	124.16
2001-05-15	124.16
2001-05-16	122.66
2001-05-17	121.17
2001-05-18	118.17
2001-05-21	115.87
2001-05-22	117.44
2001-05-23	118.23
2001-05-24	122.23
2001-05-25	122.66
2001-05-29	123.35
2001-05-30	128.64
2001-05-31	127.08
2001-06-01	123.41
2001-06-04	120.64
2001-06-05	120.79
2001-06-06	120.79
2001-06-07	122.29
2001-06-08	119.67
2001-06-11	115.93
2001-06-12	117.43
2001-06-13	114.43
2001-06-14	111.82
2001-06-15	110.69
2001-06-18	110.38
2001-06-19	113.69
2001-06-20	112.99
2001-06-21	109.57
2001-06-22	109.25
2001-06-25	109.25
2001-06-26	107.35
2001-06-27	109.2
2001-06-28	109.59
2001-06-29	111.44
2001-07-02	112.94
2001-07-03	112.19
2001-07-04	112.19
2001-07-05	108.97
2001-07-06	107.76
2001-07-09	106.21
2001-07-10	107.52
2001-07-11	108.08
2001-07-12	109.2
2001-07-16	105.41
2001-07-17	104.04
2001-07-18	102.47
2001-07-19	102.47
2001-07-20	103.21
2001-07-23	101.72
2001-07-24	103.96
2001-07-25	102.84
2001-07-26	101.74
2001-07-27	100.6
2001-07-30	101.77
2001-07-31	99.53
2001-08-01	99.1
2001-08-02	100.27
2001-08-03	100.27
2001-08-06	97.23
2001-08-07	98.03
2001-08-08	100.97
2001-08-09	102.47
2001-08-10	104.71
2001-08-13	104.34
2001-08-14	103.59
2001-08-15	103.16
2001-08-16	105.46
2001-08-17	108.02
2001-08-20	106.15
2001-08-21	103.21
2001-08-22	101.72
2001-08-23	101.72
2001-08-24	100.22
2001-08-27	100.22
2001-08-28	101.72
2001-08-29	100.97
2001-08-30	100.22
2001-08-31	98.73
2001-09-03	98.73
2001-09-04	97.28
2001-09-05	97.98
2001-09-06	99.64
2001-09-07	99.85
2001-09-10	97.23
2001-09-11	88.26
2001-09-12	77.63
2001-09-13	86.76
2001-09-14	85.31
2001-09-17	71.46
2001-09-18	70.34
2001-09-19	64.35
2001-09-20	59.46
2001-09-21	57.62
2001-09-24	65.07
2001-09-25	67.31
2001-09-26	67.45
2001-09-27	66.94
2001-09-28	66.94
2001-10-01	65.44
2001-10-02	63.87
2001-10-03	66.57
2001-10-04	66.57
2001-10-05	66.19
2001-10-08	62.08
2001-10-09	67.31
2001-10-10	68.81
2001-10-11	71.36
2001-10-12	75.5
2001-10-15	77.37
2001-10-16	77.37
2001-10-17	78.87
2001-10-18	77.37
2001-10-19	77.78
2001-10-22	77.37
2001-10-23	80.03
2001-10-24	78.87
2001-10-25	78.49
2001-10-26	78.49
2001-10-29	77.78
2001-10-30	75.54
2001-10-31	77.78
2001-11-01	79.65
2001-11-02	80.74
2001-11-05	79.99
2001-11-06	80.89
2001-11-07	82.27
2001-11-08	83.77
2001-11-09	81.36
2001-11-12	86.01
2001-11-13	83.02
2001-11-14	84.56
2001-11-15	84.56
2001-11-16	86.01
2001-11-19	102.47
2001-11-20	97.23
2001-11-21	97.23
2001-11-22	94.07
2001-11-23	96.48
2001-11-26	97.61
2001-11-27	98.35
2001-11-28	96.11
2001-11-29	95.36
2001-11-30	93.87
2001-12-03	93.34
2001-12-04	95.36
2001-12-05	95.74
2001-12-06	99.48
2001-12-07	97.23
2001-12-10	97.28
2001-12-11	100.65
2001-12-12	98.73
2001-12-13	95.41
2001-12-14	95.04
2001-12-17	94.61
2001-12-18	93.87
2001-12-19	92.75
2001-12-20	90.87
2001-12-21	89.75
2001-12-24	89.92
2001-12-25	89.92
2001-12-26	89.92
2001-12-27	92.37
2001-12-28	93.49
2001-12-31	94.4
2002-01-01	94.4
2002-01-02	92.63
2002-01-03	93.49
2002-01-04	100.22
2002-01-07	97.98
2002-01-08	97.23
2002-01-09	96.48
2002-01-10	97.23
2002-01-11	97.61
2002-01-14	97.98
2002-01-15	94.24
2002-01-16	96.11
2002-01-17	100.97
2002-01-18	100.97
2002-01-21	102.47
2002-01-22	103.21
2002-01-23	103.96
2002-01-24	106.95
2002-01-25	109.66
2002-01-28	106.95
2002-01-29	103.21
2002-01-30	102.09
2002-01-31	101.91
2002-02-01	101.72
2002-02-04	102.47
2002-02-05	100.97
2002-02-06	97.23
2002-02-07	97.61
2002-02-08	97.27
2002-02-11	97.98
2002-02-12	99.1
2002-02-13	97.23
2002-02-14	96.11
2002-02-15	95.74
2002-02-18	95.74
2002-02-19	95.74
2002-02-20	93.87
2002-02-21	92.74
2002-02-22	92.0
2002-02-25	92.49
2002-02-26	92.0
2002-02-27	92.74
2002-02-28	91.25
2002-03-01	91.25
2002-03-04	92.0
2002-03-05	94.99
2002-03-06	74.05
2002-03-07	97.23
2002-03-08	99.48
2002-03-11	100.15
2002-03-12	99.48
2002-03-13	101.72
2002-03-14	99.36
2002-03-15	100.97
2002-03-18	99.48
2002-03-19	97.98
2002-03-20	97.23
2002-03-21	98.48
2002-03-22	98.14
2002-03-25	97.98
2002-03-26	99.48
2002-03-27	100.22
2002-03-28	100.22
2002-03-29	100.22
2002-04-01	100.22
2002-04-02	99.48
2002-04-03	98.73
2002-04-04	98.73
2002-04-05	99.48
2002-04-08	99.1
2002-04-09	101.79
2002-04-10	103.21
2002-04-11	102.47
2002-04-12	102.09
2002-04-15	100.6
2002-04-16	99.85
2002-04-17	100.97
2002-04-18	99.85
2002-04-19	100.07
2002-04-22	97.23
2002-04-23	98.35
2002-04-24	95.74
2002-04-25	92.74
2002-04-26	90.19
2002-04-29	92.16
2002-04-30	90.83
2002-05-01	92.37
2002-05-02	92.0
2002-05-03	96.48
2002-05-06	96.48
2002-05-07	95.36
2002-05-08	95.9
2002-05-09	92.0
2002-05-10	93.19
2002-05-13	92.93
2002-05-14	91.62
2002-05-15	89.0
2002-05-16	89.0
2002-05-17	88.26
2002-05-20	88.26
2002-05-21	88.26
2002-05-22	82.65
2002-05-23	80.78
2002-05-24	80.0
2002-05-27	80.78
2002-05-28	80.03
2002-05-29	75.92
2002-05-30	72.85
2002-05-31	74.05
2002-06-03	74.05
2002-06-04	74.05
2002-06-05	96.48
2002-06-06	78.08
2002-06-07	79.5
2002-06-10	81.9
2002-06-11	86.4
2002-06-12	84.89
2002-06-13	84.52
2002-06-14	83.02
2002-06-17	82.27
2002-06-18	83.07
2002-06-19	80.42
2002-06-20	79.65
2002-06-21	80.03
2002-06-24	80.78
2002-06-25	82.28
2002-06-26	79.28
2002-06-27	77.17
2002-06-28	77.41
2002-07-01	77.78
2002-07-02	75.54
2002-07-03	70.31
2002-07-04	70.68
2002-07-05	74.79
2002-07-08	76.29
2002-07-09	77.04
2002-07-10	79.65
2002-07-11	76.29
2002-07-12	76.66
2002-07-15	78.53
2002-07-16	77.49
2002-07-17	77.93
2002-07-18	83.02
2002-07-19	81.17
2002-07-22	80.78
2002-07-23	76.29
2002-07-24	77.04
2002-07-25	77.41
2002-07-26	77.78
2002-07-29	80.03
2002-07-30	78.53
2002-07-31	78.53
2002-08-01	77.56
2002-08-02	74.79
2002-08-05	74.79
2002-08-06	70.31
2002-08-07	73.3
2002-08-08	73.22
2002-08-09	73.22
2002-08-12	72.92
2002-08-13	74.05
2002-08-14	74.79
2002-08-15	77.78
2002-08-16	78.53
2002-08-19	77.78
2002-08-20	78.53
2002-08-21	78.53
2002-08-22	82.65
2002-08-23	82.27
2002-08-26	82.27
2002-08-27	80.78
2002-08-28	79.28
2002-08-29	78.53
2002-08-30	79.28
2002-09-02	79.65
2002-09-03	80.03
2002-09-04	78.53
2002-09-05	79.28
2002-09-06	78.53
2002-09-09	78.16
2002-09-10	77.04
2002-09-11	77.34
2002-09-12	78.53
2002-09-13	77.78
2002-09-16	75.54
2002-09-17	78.53
2002-09-18	76.29
2002-09-19	74.79
2002-09-20	74.79
2002-09-23	74.05
2002-09-24	69.93
2002-09-25	69.18
2002-09-26	72.18
2002-09-27	72.29
2002-09-30	66.19
2002-10-01	67.31
2002-10-02	66.75
2002-10-03	65.82
2002-10-04	67.31
2002-10-07	68.0
2002-10-08	67.31
2002-10-09	68.06
2002-10-10	67.31
2002-10-11	69.37
2002-10-14	68.06
2002-10-15	67.69
2002-10-16	67.31
2002-10-17	67.41
2002-10-18	77.04
2002-10-21	78.91
2002-10-22	83.77
2002-10-23	84.14
2002-10-24	84.64
2002-10-25	84.52
2002-10-28	88.63
2002-10-29	83.02
2002-10-30	82.07
2002-10-31	81.9
2002-11-01	78.91
2002-11-04	78.53
2002-11-05	77.64
2002-11-06	75.92
2002-11-07	76.66
2002-11-08	76.29
2002-11-11	77.04
2002-11-12	78.53
2002-11-13	77.04
2002-11-14	78.53
2002-11-15	78.53
2002-11-18	81.23
2002-11-19	80.78
2002-11-20	79.99
2002-11-21	77.78
2002-11-22	79.28
2002-11-25	76.92
2002-11-26	74.42
2002-11-27	75.54
2002-11-28	77.54
2002-11-29	75.92
2002-12-02	77.78
2002-12-03	76.66
2002-12-04	76.29
2002-12-05	75.5
2002-12-06	74.12
2002-12-09	74.05
2002-12-10	73.67
2002-12-11	75.54
2002-12-12	74.79
2002-12-13	71.8
2002-12-16	72.55
2002-12-17	71.8
2002-12-18	69.56
2002-12-19	70.68
2002-12-20	68.81
2002-12-23	71.05
2002-12-24	68.81
2002-12-25	68.81
2002-12-26	68.81
2002-12-27	69.56
2002-12-30	66.57
2002-12-31	63.89
2003-01-01	63.89
2003-01-02	66.38
2003-01-03	67.31
2003-01-06	67.69
2003-01-07	65.82
2003-01-08	66.46
2003-01-09	64.32
2003-01-10	63.57
2003-01-13	60.58
2003-01-14	61.7
2003-01-15	60.96
2003-01-16	60.1
2003-01-17	60.96
2003-01-20	62.93
2003-01-21	64.32
2003-01-22	63.95
2003-01-23	64.32
2003-01-24	63.57
2003-01-27	62.08
2003-01-28	62.83
2003-01-29	59.85
2003-01-30	59.46
2003-01-31	59.09
2003-02-03	60.58
2003-02-04	59.2
2003-02-05	58.37
2003-02-06	58.34
2003-02-07	58.34
2003-02-10	57.59
2003-02-11	56.62
2003-02-12	54.6
2003-02-13	56.39
2003-02-14	56.84
2003-02-17	57.03
2003-02-18	56.09
2003-02-19	56.09
2003-02-20	56.84
2003-02-21	55.72
2003-02-24	54.28
2003-02-25	53.29
2003-02-26	54.23
2003-02-27	53.85
2003-02-28	53.85
2003-03-03	57.22
2003-03-04	58.34
2003-03-05	55.35
2003-03-06	56.84
2003-03-07	53.45
2003-03-10	54.23
2003-03-11	49.36
2003-03-12	50.11
2003-03-13	49.36
2003-03-14	51.61
2003-03-17	49.9
2003-03-18	56.09
2003-03-19	56.84
2003-03-20	58.34
2003-03-21	63.57
2003-03-24	62.08
2003-03-25	63.2
2003-03-26	62.83
2003-03-27	63.2
2003-03-28	62.24
2003-03-31	61.7
2003-04-01	60.41
2003-04-02	62.2
2003-04-03	63.82
2003-04-04	59.83
2003-04-07	63.2
2003-04-08	63.2
2003-04-09	64.32
2003-04-10	66.57
2003-04-11	68.06
2003-04-14	65.07
2003-04-15	66.57
2003-04-16	64.32
2003-04-17	64.76
2003-04-18	64.76
2003-04-21	64.76
2003-04-22	66.11
2003-04-23	68.88
2003-04-24	64.73
2003-04-25	64.32
2003-04-28	64.32
2003-04-29	67.03
2003-04-30	68.81
2003-05-01	69.93
2003-05-02	73.3
2003-05-05	73.3
2003-05-06	74.23
2003-05-07	74.08
2003-05-08	72.55
2003-05-09	72.55
2003-05-12	71.8
2003-05-13	70.31
2003-05-14	67.91
2003-05-15	67.31
2003-05-16	66.04
2003-05-19	67.31
2003-05-20	66.54
2003-05-21	64.28
2003-05-22	64.91
2003-05-23	67.31
2003-05-26	67.31
2003-05-27	69.56
2003-05-28	70.31
2003-05-29	70.24
2003-05-30	69.56
2003-06-02	69.18
2003-06-03	77.51
2003-06-04	76.42
2003-06-05	76.1
2003-06-06	79.47
2003-06-09	82.65
2003-06-10	80.78
2003-06-11	80.4
2003-06-12	81.52
2003-06-13	80.89
2003-06-16	81.15
2003-06-17	82.65
2003-06-18	83.02
2003-06-19	85.02
2003-06-20	86.01
2003-06-23	86.85
2003-06-24	83.02
2003-06-25	83.39
2003-06-26	83.39
2003-06-27	83.36
2003-06-30	83.77
2003-07-01	83.24
2003-07-02	85.22
2003-07-03	85.89
2003-07-04	85.88
2003-07-07	86.01
2003-07-08	88.26
2003-07-09	89.93
2003-07-10	90.13
2003-07-11	90.62
2003-07-14	91.25
2003-07-15	90.5
2003-07-16	92.0
2003-07-17	90.87
2003-07-18	89.75
2003-07-21	89.0
2003-07-22	85.26
2003-07-23	86.76
2003-07-24	86.76
2003-07-25	88.41
2003-07-28	90.16
2003-07-29	88.63
2003-07-30	85.89
2003-07-31	86.06
2003-08-01	85.68
2003-08-04	87.88
2003-08-05	88.26
2003-08-06	86.95
2003-08-07	88.26
2003-08-08	88.53
2003-08-11	88.26
2003-08-12	88.26
2003-08-13	88.43
2003-08-14	88.88
2003-08-15	89.0
2003-08-18	86.01
2003-08-19	85.83
2003-08-20	86.76
2003-08-21	87.88
2003-08-22	89.0
2003-08-25	89.0
2003-08-26	86.29
2003-08-27	85.26
2003-08-28	85.26
2003-08-29	84.08
2003-09-01	84.52
2003-09-02	82.27
2003-09-03	85.45
2003-09-04	86.01
2003-09-05	84.7
2003-09-08	87.51
2003-09-09	88.07
2003-09-10	88.26
2003-09-11	88.26
2003-09-12	88.26
2003-09-15	89.75
2003-09-16	93.49
2003-09-17	94.19
2003-09-18	95.24
2003-09-19	95.36
2003-09-22	91.62
2003-09-23	90.36
2003-09-24	91.25
2003-09-25	90.87
2003-09-26	91.25
2003-09-29	90.03
2003-09-30	90.93
2003-10-01	89.8
2003-10-02	85.26
2003-10-03	88.63
2003-10-06	89.75
2003-10-07	89.75
2003-10-08	91.62
2003-10-09	93.12
2003-10-10	94.24
2003-10-13	93.47
2003-10-14	96.11
2003-10-15	97.93
2003-10-16	98.73
2003-10-17	100.39
2003-10-20	99.87
2003-10-21	97.98
2003-10-22	95.74
2003-10-23	94.61
2003-10-24	93.49
2003-10-27	93.49
2003-10-28	92.74
2003-10-29	94.8
2003-10-30	93.49
2003-10-31	93.12
2003-11-03	93.21
2003-11-04	93.12
2003-11-05	94.24
2003-11-06	93.49
2003-11-07	97.98
2003-11-10	97.79
2003-11-11	98.91
2003-11-12	100.41
2003-11-13	98.73
2003-11-14	99.85
2003-11-17	98.17
2003-11-18	99.1
2003-11-19	99.48
2003-11-20	95.92
2003-11-21	100.22
2003-11-24	101.16
2003-11-25	97.98
2003-11-26	99.48
2003-11-27	99.85
2003-11-28	100.22
2003-12-01	100.78
2003-12-02	100.97
2003-12-03	100.22
2003-12-04	100.22
2003-12-05	102.84
2003-12-08	100.97
2003-12-09	101.53
2003-12-10	101.72
2003-12-11	100.97
2003-12-12	100.97
2003-12-15	101.72
2003-12-16	101.34
2003-12-17	100.6
2003-12-18	101.91
2003-12-19	102.47
2003-12-22	100.97
2003-12-23	102.65
2003-12-24	102.47
2003-12-29	102.65
2003-12-30	103.4
2003-12-31	103.59
2004-01-02	102.84
2004-01-05	101.72
2004-01-06	102.84
2004-01-07	103.21
2004-01-08	104.15
2004-01-09	103.03
2004-01-12	100.97
2004-01-13	102.84
2004-01-14	103.21
2004-01-15	103.4
2004-01-16	103.96
2004-01-19	103.96
2004-01-20	104.71
2004-01-21	104.34
2004-01-22	102.65
2004-01-23	101.72
2004-01-26	101.72
2004-01-27	100.78
2004-01-28	102.47
2004-01-29	100.97
2004-01-30	102.28
2004-02-02	102.47
2004-02-03	102.84
2004-02-04	101.72
2004-02-05	100.22
2004-02-06	101.16
2004-02-09	101.34
2004-02-10	100.22
2004-02-11	99.29
2004-02-12	101.72
2004-02-13	98.54
2004-02-16	98.91
2004-02-17	100.04
2004-02-18	104.71
2004-02-19	105.65
2004-02-20	114.25
2004-02-23	113.31
2004-02-24	111.07
2004-02-25	110.51
2004-02-26	108.82
2004-02-27	106.39
2004-03-01	108.45
2004-03-02	109.95
2004-03-03	107.7
2004-03-04	105.08
2004-03-05	103.96
2004-03-08	106.21
2004-03-09	109.95
2004-03-10	108.08
2004-03-11	103.59
2004-03-12	103.21
2004-03-15	100.41
2004-03-16	96.86
2004-03-17	98.17
2004-03-18	98.73
2004-03-19	94.99
2004-03-22	98.54
2004-03-23	97.61
2004-03-24	95.36
2004-03-25	96.48
2004-03-26	97.23
2004-03-29	97.23
2004-03-30	97.98
2004-03-31	100.22
2004-04-01	100.6
2004-04-02	102.47
2004-04-05	102.47
2004-04-06	103.21
2004-04-07	101.72
2004-04-08	100.97
2004-04-13	102.09
2004-04-14	101.16
2004-04-15	103.21
2004-04-16	101.72
2004-04-19	97.42
2004-04-20	101.72
2004-04-21	100.22
2004-04-22	98.17
2004-04-23	97.98
2004-04-26	96.11
2004-04-27	94.99
2004-04-28	94.43
2004-04-29	95.74
2004-04-30	95.74
2004-05-04	94.24
2004-05-05	93.3
2004-05-06	91.62
2004-05-07	89.75
2004-05-10	89.0
2004-05-11	89.75
2004-05-12	90.87
2004-05-13	91.62
2004-05-14	92.74
2004-05-17	88.63
2004-05-18	88.26
2004-05-19	92.56
2004-05-20	92.74
2004-05-21	90.87
2004-05-24	92.37
2004-05-25	92.0
2004-05-26	92.74
2004-05-27	92.74
2004-05-28	89.75
2004-06-01	89.75
2004-06-02	89.56
2004-06-03	89.75
2004-06-04	91.43
2004-06-07	94.99
2004-06-08	94.43
2004-06-09	94.61
2004-06-10	92.37
2004-06-11	92.74
2004-06-14	88.26
2004-06-15	89.19
2004-06-16	89.38
2004-06-17	89.0
2004-06-18	89.19
2004-06-21	90.5
2004-06-22	89.56
2004-06-23	89.0
2004-06-24	89.0
2004-06-25	91.06
2004-06-28	92.74
2004-06-29	93.49
2004-06-30	93.49
2004-07-01	93.49
2004-07-02	93.49
2004-07-05	93.87
2004-07-06	92.93
2004-07-07	91.62
2004-07-08	88.82
2004-07-09	89.75
2004-07-12	88.44
2004-07-13	87.51
2004-07-14	86.57
2004-07-15	86.01
2004-07-16	88.26
2004-07-19	89.38
2004-07-20	90.13
2004-07-21	89.75
2004-07-22	89.75
2004-07-23	90.31
2004-07-26	90.13
2004-07-27	90.5
2004-07-28	89.75
2004-07-29	90.5
2004-07-30	92.74
2004-08-02	93.3
2004-08-03	92.18
2004-08-04	90.13
2004-08-05	89.94
2004-08-06	89.94
2004-08-09	89.75
2004-08-10	89.0
2004-08-11	87.88
2004-08-12	87.13
2004-08-13	87.7
2004-08-16	87.13
2004-08-17	86.95
2004-08-18	89.75
2004-08-19	89.56
2004-08-20	89.56
2004-08-23	89.75
2004-08-24	89.0
2004-08-25	89.75
2004-08-26	92.18
2004-08-27	92.37
2004-08-31	92.18
2004-09-01	93.49
2004-09-02	92.56
2004-09-03	93.49
2004-09-06	94.99
2004-09-07	95.55
2004-09-08	95.92
2004-09-09	95.74
2004-09-10	96.11
2004-09-13	97.04
2004-09-14	95.36
2004-09-15	94.61
2004-09-16	94.61
2004-09-17	96.86
2004-09-20	96.48
2004-09-21	98.91
2004-09-22	98.91
2004-09-23	97.23
2004-09-24	98.73
2004-09-27	97.61
2004-09-28	98.35
2004-09-29	97.98
2004-09-30	99.1
2004-10-01	99.85
2004-10-04	100.78
2004-10-05	102.28
2004-10-06	101.53
2004-10-07	101.34
2004-10-08	100.04
2004-10-11	99.66
2004-10-12	100.6
2004-10-13	99.48
2004-10-14	100.97
2004-10-15	100.6
2004-10-18	99.85
2004-10-19	100.22
2004-10-20	100.04
2004-10-21	100.6
2004-10-22	99.29
2004-10-25	97.42
2004-10-26	97.98
2004-10-27	99.48
2004-10-28	98.73
2004-10-29	100.6
2004-11-01	100.97
2004-11-02	101.53
2004-11-03	101.16
2004-11-04	101.72
2004-11-05	103.21
2004-11-08	102.47
2004-11-09	103.03
2004-11-10	102.09
2004-11-11	103.03
2004-11-12	103.59
2004-11-15	104.52
2004-11-16	105.46
2004-11-17	105.27
2004-11-18	104.71
2004-11-19	104.71
2004-11-22	103.21
2004-11-23	104.71
2004-11-24	104.71
2004-11-25	104.71
2004-11-26	103.21
2004-11-29	103.96
2004-11-30	103.03
2004-12-01	101.34
2004-12-02	101.72
2004-12-03	101.91
2004-12-06	103.78
2004-12-07	105.46
2004-12-08	106.21
2004-12-09	106.77
2004-12-10	107.7
2004-12-13	107.33
2004-12-14	113.31
2004-12-15	115.56
2004-12-16	115.37
2004-12-17	114.43
2004-12-20	112.19
2004-12-21	112.19
2004-12-22	112.94
2004-12-23	114.43
2004-12-24	115.56
2004-12-27	115.56
2004-12-28	115.56
2004-12-29	113.12
2004-12-30	113.69
2004-12-31	114.99
2005-01-03	114.99
2005-01-04	115.93
2005-01-05	114.62
2005-01-06	114.43
2005-01-07	121.54
2005-01-10	119.3
2005-01-11	118.55
2005-01-12	119.3
2005-01-13	119.67
2005-01-14	118.92
2005-01-17	119.3
2005-01-18	119.48
2005-01-19	121.17
2005-01-20	121.91
2005-01-21	122.66
2005-01-24	123.03
2005-01-25	123.03
2005-01-26	125.47
2005-01-27	125.65
2005-01-28	126.59
2005-01-31	128.83
2005-02-01	130.89
2005-02-02	130.51
2005-02-03	132.38
2005-02-04	130.14
2005-02-07	130.7
2005-02-08	131.26
2005-02-09	130.89
2005-02-10	130.51
2005-02-11	129.02
2005-02-14	130.89
2005-02-15	129.21
2005-02-16	129.77
2005-02-17	129.39
2005-02-18	128.46
2005-02-21	128.64
2005-02-22	129.21
2005-02-23	128.64
2005-02-24	128.27
2005-02-25	128.64
2005-02-28	128.27
2005-03-01	114.99
2005-03-02	128.64
2005-03-03	129.77
2005-03-04	131.82
2005-03-07	130.14
2005-03-08	130.89
2005-03-09	130.33
2005-03-10	130.89
2005-03-11	133.88
2005-03-14	133.51
2005-03-15	133.32
2005-03-16	131.08
2005-03-17	131.26
2005-03-18	130.89
2005-03-21	133.51
2005-03-22	131.82
2005-03-23	131.64
2005-03-24	130.51
2005-03-25	130.51
2005-03-28	130.51
2005-03-29	130.14
2005-03-30	128.27
2005-03-31	129.21
2005-04-01	130.14
2005-04-04	130.14
2005-04-05	130.14
2005-04-06	130.51
2005-04-07	131.45
2005-04-08	134.63
2005-04-11	133.88
2005-04-12	133.88
2005-04-13	133.32
2005-04-14	132.38
2005-04-15	134.44
2005-04-18	130.33
2005-04-19	131.26
2005-04-20	129.58
2005-04-21	130.89
2005-04-22	132.57
2005-04-25	130.89
2005-04-26	128.64
2005-04-27	126.4
2005-04-28	125.84
2005-04-29	123.41
2005-05-02	123.41
2005-05-03	125.47
2005-05-04	125.65
2005-05-05	124.16
2005-05-06	124.9
2005-05-09	124.34
2005-05-10	122.66
2005-05-11	124.16
2005-05-12	125.65
2005-05-13	127.9
2005-05-16	128.64
2005-05-17	130.89
2005-05-18	130.14
2005-05-19	130.89
2005-05-20	130.7
2005-05-23	130.14
2005-05-24	130.89
2005-05-25	133.69
2005-05-26	132.95
2005-05-27	134.44
2005-05-30	134.44
2005-05-31	135.19
2005-06-01	133.88
2005-06-02	135.94
2005-06-03	135.94
2005-06-06	135.75
2005-06-07	137.62
2005-06-08	138.37
2005-06-09	139.49
2005-06-10	138.37
2005-06-13	139.49
2005-06-14	137.25
2005-06-15	136.87
2005-06-16	139.49
2005-06-17	143.23
2005-06-20	142.86
2005-06-21	142.48
2005-06-22	145.1
2005-06-23	143.23
2005-06-24	141.36
2005-06-27	141.36
2005-06-28	138.93
2005-06-29	141.36
2005-06-30	142.86
2005-07-01	145.47
2005-07-04	143.6
2005-07-05	141.73
2005-07-06	144.16
2005-07-07	140.05
2005-07-08	143.04
2005-07-11	142.48
2005-07-12	143.04
2005-07-13	142.29
2005-07-14	142.48
2005-07-15	143.6
2005-07-18	141.17
2005-07-19	142.11
2005-07-20	142.11
2005-07-21	142.11
2005-07-22	141.92
2005-07-25	139.86
2005-07-26	140.42
2005-07-27	141.17
2005-07-28	139.12
2005-07-29	140.24
2005-08-01	140.24
2005-08-02	140.42
2005-08-03	140.61
2005-08-04	143.6
2005-08-05	143.6
2005-08-08	145.29
2005-08-09	143.98
2005-08-10	144.54
2005-08-11	144.35
2005-08-12	144.72
2005-08-15	143.6
2005-08-16	145.29
2005-08-17	146.41
2005-08-18	145.85
2005-08-19	149.59
2005-08-22	149.21
2005-08-23	150.71
2005-08-24	148.84
2005-08-25	148.65
2005-08-26	148.46
2005-08-29	148.46
2005-08-30	148.09
2005-08-31	151.46
2005-09-01	153.14
2005-09-02	153.7
2005-09-05	153.7
2005-09-06	154.07
2005-09-07	156.13
2005-09-08	154.64
2005-09-09	158.94
2005-09-12	162.3
2005-09-13	163.05
2005-09-14	163.24
2005-09-15	163.05
2005-09-16	162.3
2005-09-19	160.81
2005-09-20	160.06
2005-09-21	159.87
2005-09-22	159.87
2005-09-23	160.06
2005-09-26	160.43
2005-09-27	160.06
2005-09-28	159.12
2005-09-29	157.63
2005-09-30	158.37
2005-10-03	154.82
2005-10-04	148.84
2005-10-05	150.15
2005-10-06	149.21
2005-10-07	148.84
2005-10-10	148.46
2005-10-11	148.84
2005-10-12	147.9
2005-10-13	143.42
2005-10-14	146.59
2005-10-17	144.72
2005-10-18	144.72
2005-10-19	139.12
2005-10-20	139.86
2005-10-21	140.99
2005-10-24	143.6
2005-10-25	142.48
2005-10-26	148.84
2005-10-27	145.85
2005-10-28	142.11
2005-10-31	146.03
2005-11-01	146.59
2005-11-02	146.97
2005-11-03	148.84
2005-11-04	146.59
2005-11-07	146.59
2005-11-08	146.97
2005-11-09	148.65
2005-11-10	148.84
2005-11-11	149.59
2005-11-14	151.08
2005-11-15	151.08
2005-11-16	150.33
2005-11-17	151.08
2005-11-18	149.21
2005-11-21	152.39
2005-11-22	153.7
2005-11-23	154.07
2005-11-24	156.88
2005-11-25	155.76
2005-11-28	157.07
2005-11-29	160.24
2005-11-30	160.24
2005-12-01	160.81
2005-12-02	163.98
2005-12-05	163.98
2005-12-06	163.24
2005-12-07	166.23
2005-12-08	163.61
2005-12-09	166.79
2005-12-12	171.46
2005-12-13	176.14
2005-12-14	176.89
2005-12-15	178.94
2005-12-16	180.25
2005-12-19	185.49
2005-12-20	182.5
2005-12-21	185.3
2005-12-22	182.31
2005-12-23	184.74
2005-12-26	184.74
2005-12-27	184.74
2005-12-28	183.99
2005-12-29	186.8
2005-12-30	186.98
2006-01-02	186.98
2006-01-03	188.85
2006-01-04	194.84
2006-01-05	190.35
2006-01-06	187.36
2006-01-09	186.98
2006-01-10	182.12
2006-01-11	183.99
2006-01-12	182.31
2006-01-13	179.5
2006-01-16	178.76
2006-01-17	175.76
2006-01-18	175.2
2006-01-19	178.01
2006-01-20	175.58
2006-01-23	174.46
2006-01-24	176.14
2006-01-25	182.68
2006-01-26	181.0
2006-01-27	186.8
2006-01-30	185.67
2006-01-31	183.8
2006-02-01	186.98
2006-02-02	181.0
2006-02-03	182.31
2006-02-06	184.74
2006-02-07	177.26
2006-02-08	179.5
2006-02-09	178.76
2006-02-10	178.19
2006-02-13	178.76
2006-02-14	176.89
2006-02-15	177.26
2006-02-16	176.33
2006-02-17	176.51
2006-02-20	169.59
2006-02-21	170.34
2006-02-22	169.78
2006-02-23	169.78
2006-02-24	170.34
2006-02-27	171.46
2006-02-28	168.85
2006-03-01	165.11
2006-03-02	163.98
2006-03-03	164.36
2006-03-06	165.29
2006-03-07	166.79
2006-03-08	168.1
2006-03-09	161.93
2006-03-10	161.93
2006-03-13	165.67
2006-03-14	173.33
2006-03-15	171.65
2006-03-16	174.46
2006-03-17	172.02
2006-03-20	173.33
2006-03-21	173.15
2006-03-22	174.46
2006-03-23	168.28
2006-03-24	169.03
2006-03-27	170.34
2006-03-28	167.72
2006-03-29	164.17
2006-03-30	163.05
2006-03-31	160.99
2006-04-03	160.81
2006-04-04	163.98
2006-04-05	164.92
2006-04-06	166.41
2006-04-07	164.73
2006-04-10	163.8
2006-04-11	159.5
2006-04-12	159.68
2006-04-13	160.62
2006-04-14	160.62
2006-04-17	160.62
2006-04-18	158.56
2006-04-19	159.68
2006-04-20	160.06
2006-04-21	159.68
2006-04-24	160.62
2006-04-25	160.81
2006-04-26	167.16
2006-04-27	165.48
2006-04-28	166.41
2006-05-02	169.59
2006-05-03	169.22
2006-05-04	167.91
2006-05-05	169.03
2006-05-08	173.33
2006-05-09	172.4
2006-05-10	173.15
2006-05-11	172.77
2006-05-12	167.35
2006-05-15	162.68
2006-05-16	165.29
2006-05-17	160.24
2006-05-18	158.56
2006-05-19	157.07
2006-05-22	152.58
2006-05-23	154.45
2006-05-24	153.51
2006-05-25	157.07
2006-05-26	161.74
2006-05-29	161.74
2006-05-30	160.06
2006-05-31	160.81
2006-06-01	167.16
2006-06-02	168.66
2006-06-05	167.54
2006-06-06	164.73
2006-06-07	165.48
2006-06-08	161.93
2006-06-09	165.11
2006-06-12	163.42
2006-06-13	155.2
2006-06-14	162.11
2006-06-15	161.93
2006-06-16	163.61
2006-06-19	162.86
2006-06-20	164.92
2006-06-21	162.86
2006-06-22	165.85
2006-06-23	170.9
2006-06-26	170.15
2006-06-27	169.59
2006-06-28	169.22
2006-06-29	170.15
2006-06-30	171.09
2006-07-03	171.28
2006-07-04	171.09
2006-07-05	169.03
2006-07-06	173.71
2006-07-07	171.28
2006-07-10	170.9
2006-07-11	170.15
2006-07-12	168.85
2006-07-13	165.29
2006-07-14	161.18
2006-07-17	157.07
2006-07-18	157.63
2006-07-19	160.99
2006-07-20	162.3
2006-07-21	160.81
2006-07-24	162.3
2006-07-25	164.92
2006-07-26	168.28
2006-07-27	170.9
2006-07-28	170.34
2006-07-31	171.46
2006-08-01	169.03
2006-08-02	168.1
2006-08-03	168.1
2006-08-04	161.18
2006-08-07	161.55
2006-08-08	160.81
2006-08-09	162.11
2006-08-10	159.87
2006-08-11	155.57
2006-08-14	157.63
2006-08-15	156.32
2006-08-16	157.25
2006-08-17	155.94
2006-08-18	161.74
2006-08-21	161.93
2006-08-22	159.31
2006-08-23	157.81
2006-08-24	156.5
2006-08-25	156.69
2006-08-28	156.69
2006-08-29	157.07
2006-08-30	159.31
2006-08-31	158.75
2006-09-01	161.74
2006-09-04	162.68
2006-09-05	162.3
2006-09-06	160.24
2006-09-07	160.43
2006-09-08	160.99
2006-09-11	160.43
2006-09-12	162.11
2006-09-13	155.76
2006-09-14	153.33
2006-09-15	152.39
2006-09-18	152.39
2006-09-19	151.64
2006-09-20	152.2
2006-09-21	152.02
2006-09-22	151.46
2006-09-25	150.71
2006-09-26	151.08
2006-09-27	148.65
2006-09-28	151.08
2006-09-29	149.21
2006-10-02	150.33
2006-10-03	146.59
2006-10-04	147.16
2006-10-05	152.02
2006-10-06	151.83
2006-10-09	153.7
2006-10-10	162.11
2006-10-11	165.48
2006-10-12	167.91
2006-10-13	175.76
2006-10-16	175.39
2006-10-17	168.28
2006-10-18	170.15
2006-10-19	169.41
2006-10-20	168.28
2006-10-23	168.47
2006-10-24	169.78
2006-10-25	174.83
2006-10-26	176.14
2006-10-27	172.21
2006-10-30	169.78
2006-10-31	168.47
2006-11-01	169.41
2006-11-02	167.54
2006-11-03	168.66
2006-11-06	173.15
2006-11-07	172.4
2006-11-08	172.77
2006-11-09	172.4
2006-11-10	173.15
2006-11-13	176.89
2006-11-14	176.33
2006-11-15	176.51
2006-11-16	175.39
2006-11-17	175.2
2006-11-20	173.71
2006-11-21	175.76
2006-11-22	174.27
2006-11-23	172.4
2006-11-24	170.15
2006-11-27	192.22
2006-11-28	190.91
2006-11-29	189.97
2006-11-30	191.66
2006-12-01	197.64
2006-12-04	201.94
2006-12-05	201.19
2006-12-06	197.45
2006-12-07	207.93
2006-12-08	208.86
2006-12-11	205.68
2006-12-12	207.36
2006-12-13	207.36
2006-12-14	206.43
2006-12-15	208.67
2006-12-18	203.44
2006-12-19	203.62
2006-12-20	207.74
2006-12-21	205.87
2006-12-22	208.67
2006-12-25	208.67
2006-12-26	208.67
2006-12-27	211.66
2006-12-28	211.1
2006-12-29	213.16
2007-01-01	213.16
2007-01-02	217.65
2007-01-03	217.65
2007-01-04	220.64
2007-01-05	216.9
2007-01-08	217.09
2007-01-09	215.78
2007-01-10	213.53
2007-01-11	215.03
2007-01-12	215.78
2007-01-15	214.47
2007-01-16	216.9
2007-01-17	217.65
2007-01-18	220.08
2007-01-19	220.64
2007-01-22	219.89
2007-01-23	215.59
2007-01-24	213.16
2007-01-25	214.28
2007-01-26	213.72
2007-01-29	213.16
2007-01-30	213.72
2007-01-31	215.4
2007-02-01	216.53
2007-02-02	218.58
2007-02-05	218.4
2007-02-06	222.51
2007-02-07	226.44
2007-02-08	226.62
2007-02-09	228.31
2007-02-12	197.45
2007-02-13	194.46
2007-02-14	192.41
2007-02-15	194.46
2007-02-16	194.46
2007-02-19	197.08
2007-02-20	195.96
2007-02-21	196.71
2007-02-22	201.57
2007-02-23	196.15
2007-02-26	197.83
2007-02-27	190.16
2007-02-28	189.04
2007-03-01	189.23
2007-03-02	192.97
2007-03-05	190.91
2007-03-06	194.65
2007-03-07	198.58
2007-03-08	201.01
2007-03-09	205.68
2007-03-12	204.75
2007-03-13	200.07
2007-03-14	194.28
2007-03-15	202.69
2007-03-16	212.41
2007-03-19	230.36
2007-03-20	224.01
2007-03-21	220.64
2007-03-22	219.52
2007-03-23	222.7
2007-03-26	218.4
2007-03-27	217.09
2007-03-28	218.21
2007-03-29	216.9
2007-03-30	215.03
2007-04-02	213.35
2007-04-03	210.92
2007-04-04	211.29
2007-04-05	210.92
2007-04-06	210.92
2007-04-09	210.92
2007-04-10	212.41
2007-04-11	212.41
2007-04-12	211.85
2007-04-13	210.92
2007-04-16	216.15
2007-04-17	212.79
2007-04-18	211.29
2007-04-19	207.74
2007-04-20	209.61
2007-04-23	206.8
2007-04-24	205.12
2007-04-25	204.56
2007-04-26	204.0
2007-04-27	209.42
2007-04-30	216.34
2007-05-01	213.53
2007-05-02	228.87
2007-05-03	231.49
2007-05-04	246.07
2007-05-07	246.07
2007-05-08	246.82
2007-05-09	248.13
2007-05-10	248.69
2007-05-11	239.9
2007-05-14	241.02
2007-05-15	240.65
2007-05-16	239.53
2007-05-17	245.7
2007-05-18	244.39
2007-05-21	262.34
2007-05-22	266.82
2007-05-23	267.2
2007-05-24	266.26
2007-05-25	266.64
2007-05-28	266.64
2007-05-29	265.52
2007-05-30	263.65
2007-05-31	267.01
2007-06-01	267.01
2007-06-04	210.92
2007-06-05	258.04
2007-06-06	249.81
2007-06-07	245.32
2007-06-08	242.33
2007-06-11	244.2
2007-06-12	246.44
2007-06-13	249.06
2007-06-14	258.78
2007-06-15	262.71
2007-06-18	257.29
2007-06-19	246.82
2007-06-20	240.65
2007-06-21	237.47
2007-06-22	235.22
2007-06-25	232.61
2007-06-26	231.86
2007-06-27	230.74
2007-06-28	237.47
2007-06-29	238.59
2007-07-02	229.99
2007-07-03	229.62
2007-07-04	233.54
2007-07-05	246.07
2007-07-06	235.79
2007-07-09	239.34
2007-07-10	243.27
2007-07-11	240.65
2007-07-12	235.41
2007-07-13	235.6
2007-07-16	240.65
2007-07-17	242.14
2007-07-18	241.21
2007-07-19	244.2
2007-07-20	246.26
2007-07-23	246.63
2007-07-24	244.57
2007-07-25	239.34
2007-07-26	228.49
2007-07-27	228.12
2007-07-30	224.75
2007-07-31	231.86
2007-08-01	224.38
2007-08-02	220.27
2007-08-03	215.59
2007-08-06	212.04
2007-08-07	220.45
2007-08-08	231.49
2007-08-09	222.51
2007-08-10	218.4
2007-08-13	221.58
2007-08-14	217.46
2007-08-15	211.29
2007-08-16	194.46
2007-08-17	197.27
2007-08-20	199.32
2007-08-21	195.96
2007-08-22	206.43
2007-08-23	208.3
2007-08-24	207.93
2007-08-27	207.93
2007-08-28	207.18
2007-08-29	206.99
2007-08-30	220.45
2007-08-31	221.2
2007-09-03	213.53
2007-09-04	210.92
2007-09-05	207.93
2007-09-06	209.42
2007-09-07	201.19
2007-09-10	203.81
2007-09-11	203.44
2007-09-12	204.56
2007-09-13	204.19
2007-09-14	203.62
2007-09-17	193.9
2007-09-18	188.29
2007-09-19	185.49
2007-09-20	177.26
2007-09-21	179.5
2007-09-24	177.26
2007-09-25	169.41
2007-09-26	175.76
2007-09-27	183.8
2007-09-28	188.48
2007-10-01	185.49
2007-10-02	187.17
2007-10-03	190.72
2007-10-04	192.22
2007-10-05	190.72
2007-10-08	187.54
2007-10-09	192.41
2007-10-10	194.46
2007-10-11	202.32
2007-10-12	206.06
2007-10-15	204.19
2007-10-16	196.33
2007-10-17	202.69
2007-10-18	198.2
2007-10-19	195.21
2007-10-22	192.41
2007-10-23	195.96
2007-10-24	191.47
2007-10-25	200.45
2007-10-26	201.75
2007-10-29	200.07
2007-10-30	198.2
2007-10-31	201.57
2007-11-01	202.32
2007-11-02	202.32
2007-11-05	196.71
2007-11-06	197.27
2007-11-07	194.84
2007-11-08	199.14
2007-11-09	194.84
2007-11-12	199.88
2007-11-13	203.06
2007-11-14	204.19
2007-11-15	201.94
2007-11-16	206.24
2007-11-19	205.68
2007-11-20	210.54
2007-11-21	204.19
2007-11-22	201.94
2007-11-23	204.0
2007-11-26	207.18
2007-11-27	201.38
2007-11-28	203.44
2007-11-29	196.89
2007-11-30	205.49
2007-12-03	205.68
2007-12-04	198.2
2007-12-05	198.76
2007-12-06	191.1
2007-12-07	198.02
2007-12-10	200.07
2007-12-11	207.36
2007-12-12	211.66
2007-12-13	204.56
2007-12-14	202.13
2007-12-17	197.45
2007-12-18	207.18
2007-12-19	207.55
2007-12-20	207.93
2007-12-21	212.23
2007-12-24	218.21
2007-12-25	218.21
2007-12-26	218.21
2007-12-27	221.58
2007-12-28	222.14
2007-12-31	219.71
2008-01-01	219.71
2008-01-02	210.54
2008-01-03	202.13
2008-01-04	199.51
2008-01-07	191.28
2008-01-08	190.72
2008-01-09	163.61
2008-01-10	166.41
2008-01-11	171.46
2008-01-14	175.58
2008-01-15	168.85
2008-01-16	171.28
2008-01-17	166.79
2008-01-18	168.28
2008-01-21	154.26
2008-01-22	168.85
2008-01-23	171.84
2008-01-24	178.01
2008-01-25	181.19
2008-01-28	178.76
2008-01-29	179.5
2008-01-30	185.49
2008-01-31	190.16
2008-02-01	190.54
2008-02-04	190.72
2008-02-05	183.99
2008-02-06	188.48
2008-02-07	187.17
2008-02-08	187.92
2008-02-11	189.41
2008-02-12	201.57
2008-02-13	198.76
2008-02-14	195.02
2008-02-15	190.54
2008-02-18	198.58
2008-02-19	201.94
2008-02-20	205.68
2008-02-21	204.75
2008-02-22	204.37
2008-02-25	208.67
2008-02-26	207.18
2008-02-27	209.23
2008-02-28	201.94
2008-02-29	202.13
2008-03-03	195.21
2008-03-04	196.89
2008-03-05	201.22
2008-03-06	194.71
2008-03-07	191.46
2008-03-10	187.44
2008-03-11	195.48
2008-03-12	196.63
2008-03-13	195.48
2008-03-14	196.24
2008-03-17	186.11
2008-03-18	200.07
2008-03-19	195.67
2008-03-20	195.1
2008-03-21	195.1
2008-03-24	195.1
2008-03-25	203.51
2008-03-26	197.77
2008-03-27	203.51
2008-03-28	199.69
2008-03-31	197.2
2008-04-01	206.38
2008-04-02	207.72
2008-04-03	201.02
2008-04-04	202.36
2008-04-07	209.25
2008-04-08	209.44
2008-04-09	209.25
2008-04-10	205.81
2008-04-11	204.66
2008-04-14	200.07
2008-04-15	195.1
2008-04-16	199.69
2008-04-17	194.14
2008-04-18	198.54
2008-04-21	193.57
2008-04-22	189.17
2008-04-23	182.47
2008-04-24	177.5
2008-04-25	183.24
2008-04-28	180.37
2008-04-29	178.45
2008-04-30	181.13
2008-05-01	179.79
2008-05-02	184.38
2008-05-05	184.38
2008-05-06	191.65
2008-05-07	191.46
2008-05-08	194.71
2008-05-09	196.82
2008-05-12	198.35
2008-05-13	195.1
2008-05-14	191.27
2008-05-15	190.5
2008-05-16	194.14
2008-05-19	193.37
2008-05-20	186.11
2008-05-21	183.24
2008-05-22	179.03
2008-05-23	178.65
2008-05-26	178.65
2008-05-27	184.0
2008-05-28	185.72
2008-05-29	185.53
2008-05-30	186.87
2008-06-02	181.71
2008-06-03	183.62
2008-06-04	181.52
2008-06-05	183.81
2008-06-06	178.65
2008-06-09	177.5
2008-06-10	175.2
2008-06-11	169.27
2008-06-12	168.32
2008-06-13	167.55
2008-06-16	170.23
2008-06-17	170.8
2008-06-18	164.68
2008-06-19	161.24
2008-06-20	159.71
2008-06-23	157.42
2008-06-24	159.33
2008-06-25	165.45
2008-06-26	158.75
2008-06-27	157.42
2008-06-30	156.84
2008-07-01	149.65
2008-07-02	142.0
2008-07-03	143.83
2008-07-04	136.26
2008-07-07	142.46
2008-07-08	139.17
2008-07-09	142.69
2008-07-10	135.65
2008-07-11	129.6
2008-07-14	130.75
2008-07-15	135.11
2008-07-16	144.29
2008-07-17	149.19
2008-07-18	154.55
2008-07-21	154.35
2008-07-22	156.84
2008-07-23	163.73
2008-07-24	159.52
2008-07-25	158.95
2008-07-28	151.56
2008-07-29	146.97
2008-07-30	154.35
2008-07-31	153.02
2008-08-01	150.26
2008-08-04	149.5
2008-08-05	164.87
2008-08-06	169.27
2008-08-07	168.7
2008-08-08	181.71
2008-08-11	179.79
2008-08-12	183.05
2008-08-13	174.44
2008-08-14	170.61
2008-08-15	172.14
2008-08-18	170.04
2008-08-19	162.01
2008-08-20	161.43
2008-08-21	157.8
2008-08-22	163.54
2008-08-25	163.54
2008-08-26	158.56
2008-08-27	156.08
2008-08-28	159.52
2008-08-29	161.24
2008-09-01	165.45
2008-09-02	175.2
2008-09-03	172.14
2008-09-04	166.79
2008-09-05	166.21
2008-09-08	170.8
2008-09-09	175.97
2008-09-10	176.16
2008-09-11	169.66
2008-09-12	182.09
2008-09-15	182.85
2008-09-16	182.85
2008-09-17	174.82
2008-09-18	176.73
2008-09-19	178.45
2008-09-22	171.76
2008-09-23	160.67
2008-09-24	157.61
2008-09-25	166.79
2008-09-26	169.08
2008-09-29	162.58
2008-09-30	164.87
2008-10-01	170.8
2008-10-02	169.85
2008-10-03	166.98
2008-10-06	148.65
2008-10-07	155.88
2008-10-08	162.2
2008-10-09	155.31
2008-10-10	146.9
2008-10-13	177.69
2008-10-14	197.2
2008-10-15	191.08
2008-10-16	148.73
2008-10-17	151.49
2008-10-20	151.87
2008-10-21	147.66
2008-10-22	145.44
2008-10-23	143.38
2008-10-24	141.16
2008-10-27	142.38
2008-10-28	138.02
2008-10-29	143.91
2008-10-30	147.43
2008-10-31	144.14
2008-11-03	140.24
2008-11-04	143.91
2008-11-05	143.91
2008-11-06	142.23
2008-11-07	150.03
2008-11-10	150.87
2008-11-11	147.97
2008-11-12	142.84
2008-11-13	141.69
2008-11-14	149.04
2008-11-17	142.15
2008-11-18	138.94
2008-11-19	139.09
2008-11-20	135.73
2008-11-21	133.74
2008-11-24	149.88
2008-11-25	153.02
2008-11-26	153.02
2008-11-27	157.03
2008-11-28	162.77
2008-12-01	157.8
2008-12-02	161.43
2008-12-03	157.99
2008-12-04	157.22
2008-12-05	153.78
2008-12-08	164.3
2008-12-09	170.8
2008-12-10	169.85
2008-12-11	171.38
2008-12-12	168.51
2008-12-15	166.21
2008-12-16	164.68
2008-12-17	167.36
2008-12-18	175.59
2008-12-19	170.23
2008-12-22	171.0
2008-12-23	169.85
2008-12-24	172.14
2008-12-25	172.14
2008-12-26	172.14
2008-12-29	180.75
2008-12-30	175.39
2008-12-31	178.65
2009-01-01	178.65
2009-01-02	177.31
2009-01-05	179.79
2009-01-06	177.88
2009-01-07	181.13
2009-01-08	176.35
2009-01-09	175.2
2009-01-12	176.35
2009-01-13	180.18
2009-01-14	179.98
2009-01-15	167.74
2009-01-16	162.96
2009-01-19	167.36
2009-01-20	165.83
2009-01-21	173.1
2009-01-22	170.42
2009-01-23	168.51
2009-01-26	172.33
2009-01-27	178.07
2009-01-28	181.52
2009-01-29	176.54
2009-01-30	171.38
2009-02-02	166.79
2009-02-03	165.26
2009-02-04	171.76
2009-02-05	185.53
2009-02-06	191.46
2009-02-09	185.91
2009-02-10	179.79
2009-02-11	180.37
2009-02-12	180.94
2009-02-13	185.72
2009-02-16	185.15
2009-02-17	177.88
2009-02-18	187.25
2009-02-19	187.25
2009-02-20	180.75
2009-02-23	174.44
2009-02-24	167.93
2009-02-25	169.27
2009-02-26	169.66
2009-02-27	169.27
2009-03-02	167.55
2009-03-03	166.02
2009-03-04	181.71
2009-03-05	181.52
2009-03-06	177.69
2009-03-09	175.97
2009-03-10	183.81
2009-03-11	189.25
2009-03-12	178.22
2009-03-13	178.02
2009-03-16	184.91
2009-03-17	191.61
2009-03-18	183.34
2009-03-19	183.14
2009-03-20	187.47
2009-03-23	185.11
2009-03-24	186.29
2009-03-25	185.7
2009-03-26	180.58
2009-03-27	175.66
2009-03-30	173.69
2009-03-31	180.19
2009-04-01	188.65
2009-04-02	196.93
2009-04-03	201.26
2009-04-06	210.71
2009-04-07	202.44
2009-04-08	198.5
2009-04-09	200.27
2009-04-10	200.27
2009-04-13	200.27
2009-04-14	202.83
2009-04-15	200.86
2009-04-16	212.29
2009-04-17	218.0
2009-04-20	199.49
2009-04-21	202.83
2009-04-22	202.83
2009-04-23	211.1
2009-04-24	214.06
2009-04-27	206.97
2009-04-28	199.49
2009-04-29	202.24
2009-04-30	199.49
2009-05-01	196.93
2009-05-04	196.93
2009-05-05	211.1
2009-05-06	219.97
2009-05-07	211.5
2009-05-08	211.3
2009-05-11	204.61
2009-05-12	205.2
2009-05-13	190.82
2009-05-14	200.67
2009-05-15	198.11
2009-05-18	203.03
2009-05-19	199.49
2009-05-20	203.23
2009-05-21	203.23
2009-05-22	203.03
2009-05-25	203.03
2009-05-26	199.88
2009-05-27	200.27
2009-05-28	197.91
2009-05-29	195.55
2009-06-01	203.23
2009-06-02	201.65
2009-06-03	196.33
2009-06-04	196.53
2009-06-05	193.97
2009-06-08	193.97
2009-06-09	197.12
2009-06-10	194.76
2009-06-11	194.56
2009-06-12	187.67
2009-06-15	179.4
2009-06-16	181.76
2009-06-17	181.57
2009-06-18	178.02
2009-06-19	183.14
2009-06-22	177.04
2009-06-23	183.93
2009-06-24	180.97
2009-06-25	181.96
2009-06-26	184.52
2009-06-29	182.94
2009-06-30	182.55
2009-07-01	183.73
2009-07-02	182.55
2009-07-03	180.78
2009-07-06	180.97
2009-07-07	180.19
2009-07-08	176.45
2009-07-09	176.45
2009-07-10	177.82
2009-07-13	180.97
2009-07-14	182.16
2009-07-15	184.91
2009-07-16	182.55
2009-07-17	182.16
2009-07-20	181.96
2009-07-21	177.23
2009-07-22	182.55
2009-07-23	181.37
2009-07-24	177.23
2009-07-27	172.9
2009-07-28	171.52
2009-07-29	175.07
2009-07-30	175.85
2009-07-31	178.81
2009-08-03	187.87
2009-08-04	190.62
2009-08-05	194.48
2009-08-06	204.88
2009-08-07	202.6
2009-08-10	202.75
2009-08-11	198.58
2009-08-12	192.83
2009-08-13	194.25
2009-08-14	189.36
2009-08-17	185.98
2009-08-18	185.35
2009-08-19	182.35
2009-08-20	184.16
2009-08-21	189.76
2009-08-24	190.23
2009-08-25	187.55
2009-08-26	186.69
2009-08-27	186.29
2009-08-28	189.21
2009-08-31	189.21
2009-09-01	184.87
2009-09-02	186.95
2009-09-03	183.12
2009-09-04	188.7
2009-09-07	197.4
2009-09-08	199.08
2009-09-09	204.82
2009-09-10	213.36
2009-09-11	209.53
2009-09-14	209.05
2009-09-15	207.22
2009-09-16	212.88
2009-09-17	213.92
2009-09-18	212.08
2009-09-21	214.64
2009-09-22	219.58
2009-09-23	217.75
2009-09-24	214.8
2009-09-25	206.74
2009-09-28	212.24
2009-09-29	212.24
2009-09-30	203.15
2009-10-01	203.39
2009-10-02	202.19
2009-10-05	203.7
2009-10-06	206.58
2009-10-07	207.22
2009-10-08	209.53
2009-10-09	209.05
2009-10-12	207.06
2009-10-13	202.91
2009-10-14	203.7
2009-10-15	204.26
2009-10-16	197.96
2009-10-19	203.46
2009-10-20	199.48
2009-10-21	198.44
2009-10-22	196.68
2009-10-23	195.01
2009-10-26	192.69
2009-10-27	192.85
2009-10-28	181.92
2009-10-29	183.52
2009-10-30	185.99
2009-11-02	187.43
2009-11-03	181.36
2009-11-04	191.34
2009-11-05	190.94
2009-11-06	192.45
2009-11-09	196.6
2009-11-10	193.49
2009-11-11	199.16
2009-11-12	205.78
2009-11-13	204.58
2009-11-16	203.86
2009-11-17	205.94
2009-11-18	205.38
2009-11-19	203.62
2009-11-20	195.49
2009-11-23	198.28
2009-11-24	193.73
2009-11-25	196.6
2009-11-26	189.9
2009-11-27	194.45
2009-11-30	196.2
2009-12-01	194.13
2009-12-02	198.2
2009-12-03	197.32
2009-12-04	196.92
2009-12-07	199.87
2009-12-08	199.48
2009-12-09	199.4
2009-12-10	199.87
2009-12-11	206.66
2009-12-14	208.33
2009-12-15	205.94
2009-12-16	209.05
2009-12-17	204.26
2009-12-18	200.43
2009-12-21	202.27
2009-12-22	201.95
2009-12-23	199.48
2009-12-24	198.2
2009-12-25	198.2
2009-12-29	202.59
2009-12-30	200.51
2009-12-31	203.46
2010-01-04	207.45
2010-01-05	207.22
2010-01-06	208.73
2010-01-07	209.21
2010-01-08	210.57
2010-01-11	216.23
2010-01-12	210.17
2010-01-13	209.93
2010-01-14	212.16
2010-01-15	215.19
2010-01-18	218.86
2010-01-19	219.58
2010-01-20	219.74
2010-01-21	214.0
2010-01-22	213.44
2010-01-25	212.88
2010-01-26	215.19
2010-01-27	213.04
2010-01-28	211.04
2010-01-29	207.22
2010-02-01	210.17
2010-02-02	214.64
2010-02-03	209.69
2010-02-04	245.2
2010-02-05	202.91
2010-02-08	205.78
2010-02-09	205.86
2010-02-10	208.01
2010-02-11	207.14
2010-02-12	210.65
2010-02-15	209.13
2010-02-16	209.45
2010-02-17	213.28
2010-02-18	211.36
2010-02-19	212.08
2010-02-22	214.64
2010-02-23	208.65
2010-02-24	208.01
2010-02-25	213.68
2010-02-26	218.78
2010-03-01	221.98
2010-03-02	226.21
2010-03-03	223.57
2010-03-04	222.61
2010-03-05	223.25
2010-03-08	227.32
2010-03-09	225.49
2010-03-10	227.37
2010-03-11	230.74
2010-03-12	234.1
2010-03-15	233.28
2010-03-16	236.56
2010-03-17	240.5
2010-03-18	243.78
2010-03-19	243.12
2010-03-22	241.73
2010-03-23	249.52
2010-03-24	247.06
2010-03-25	252.97
2010-03-26	252.88
2010-03-29	251.24
2010-03-30	249.6
2010-03-31	247.31
2010-04-01	252.06
2010-04-02	252.06
2010-04-05	252.06
2010-04-06	251.57
2010-04-07	247.88
2010-04-08	246.57
2010-04-09	248.54
2010-04-12	249.27
2010-04-13	248.04
2010-04-14	245.58
2010-04-15	247.72
2010-04-16	239.27
2010-04-19	236.4
2010-04-20	237.22
2010-04-21	236.97
2010-04-22	232.71
2010-04-23	236.56
2010-04-26	238.69
2010-04-27	232.54
2010-04-28	227.54
2010-04-29	228.85
2010-04-30	229.51
2010-05-03	229.51
2010-05-04	252.06
2010-05-05	213.43
2010-05-06	209.98
2010-05-07	200.14
2010-05-10	212.2
2010-05-11	204.16
2010-05-12	217.37
2010-05-13	217.12
2010-05-14	209.57
2010-05-17	203.5
2010-05-18	205.06
2010-05-19	195.71
2010-05-20	187.02
2010-05-21	187.84
2010-05-24	189.15
2010-05-25	183.57
2010-05-26	184.72
2010-05-27	195.47
2010-05-28	194.97
2010-05-31	194.97
2010-06-01	191.04
2010-06-02	188.41
2010-06-03	191.86
2010-06-04	187.02
2010-06-07	183.0
2010-06-08	176.6
2010-06-09	178.57
2010-06-10	180.78
2010-06-11	184.39
2010-06-14	187.59
2010-06-15	191.53
2010-06-16	190.3
2010-06-17	185.21
2010-06-18	184.47
2010-06-21	182.92
2010-06-22	182.51
2010-06-23	183.74
2010-06-24	182.01
2010-06-25	178.49
2010-06-28	182.42
2010-06-29	174.06
2010-06-30	171.68
2010-07-01	169.05
2010-07-02	171.51
2010-07-05	172.09
2010-07-06	176.19
2010-07-07	177.42
2010-07-08	181.36
2010-07-09	182.75
2010-07-12	180.87
2010-07-13	188.66
2010-07-14	187.43
2010-07-15	184.23
2010-07-16	180.78
2010-07-19	179.39
2010-07-20	182.1
2010-07-21	187.84
2010-07-22	190.13
2010-07-23	182.26
2010-07-26	181.52
2010-07-27	179.22
2010-07-28	173.57
2010-07-29	176.19
2010-07-30	172.5
2010-08-02	176.76
2010-08-03	179.22
2010-08-04	178.73
2010-08-05	178.49
2010-08-06	177.5
2010-08-09	185.05
2010-08-10	166.59
2010-08-11	155.85
2010-08-12	157.98
2010-08-13	165.03
2010-08-16	163.31
2010-08-17	169.22
2010-08-18	169.38
2010-08-19	168.97
2010-08-20	165.61
2010-08-23	166.02
2010-08-24	165.36
2010-08-25	162.9
2010-08-26	163.31
2010-08-27	164.87
2010-08-30	164.87
2010-08-31	165.12
2010-09-01	180.37
2010-09-02	184.37
2010-09-03	186.29
2010-09-06	184.54
2010-09-07	181.87
2010-09-08	183.45
2010-09-09	185.04
2010-09-10	190.87
2010-09-13	188.29
2010-09-14	184.87
2010-09-15	184.2
2010-09-16	186.29
2010-09-17	184.79
2010-09-20	183.79
2010-09-21	186.37
2010-09-22	187.37
2010-09-23	186.37
2010-09-24	186.7
2010-09-27	184.37
2010-09-28	182.04
2010-09-29	181.29
2010-09-30	178.7
2010-10-01	179.2
2010-10-04	180.7
2010-10-05	188.29
2010-10-06	187.04
2010-10-07	186.95
2010-10-08	185.62
2010-10-11	186.12
2010-10-12	186.87
2010-10-13	186.45
2010-10-14	188.45
2010-10-15	186.87
2010-10-18	188.45
2010-10-19	190.04
2010-10-20	192.04
2010-10-21	170.87
2010-10-22	176.29
2010-10-25	175.87
2010-10-26	176.54
2010-10-27	175.2
2010-10-28	175.29
2010-10-29	175.95
2010-11-01	175.95
2010-11-02	174.03
2010-11-03	170.87
2010-11-04	172.95
2010-11-05	175.2
2010-11-08	173.62
2010-11-09	171.95
2010-11-10	171.45
2010-11-11	169.28
2010-11-12	169.78
2010-11-15	168.95
2010-11-16	165.62
2010-11-17	165.87
2010-11-18	167.03
2010-11-19	167.37
2010-11-22	173.37
2010-11-23	174.2
2010-11-24	175.45
2010-11-25	176.87
2010-11-26	178.95
2010-11-29	178.7
2010-11-30	175.87
2010-12-01	178.7
2010-12-02	191.71
2010-12-03	190.87
2010-12-06	192.21
2010-12-07	196.29
2010-12-08	195.12
2010-12-09	194.62
2010-12-10	193.54
2010-12-13	198.37
2010-12-14	197.12
2010-12-15	194.54
2010-12-16	196.37
2010-12-17	198.87
2010-12-20	197.79
2010-12-21	199.54
2010-12-22	201.29
2010-12-23	206.29
2010-12-24	207.63
2010-12-27	207.63
2010-12-29	207.63
2010-12-30	205.96
2010-12-31	205.21
2011-01-04	213.13
2011-01-05	215.63
2011-01-06	214.04
2011-01-07	211.38
2011-01-10	212.46
2011-01-11	213.71
2011-01-12	219.21
2011-01-13	218.79
2011-01-14	220.38
2011-01-17	225.05
2011-01-18	225.38
2011-01-19	224.63
2011-01-20	218.38
2011-01-21	222.54
2011-01-24	222.63
2011-01-25	225.3
2011-01-26	226.13
2011-01-27	226.63
2011-01-28	216.54
2011-01-31	210.88
2011-02-01	209.63
2011-02-02	212.46
2011-02-03	209.02
2011-02-04	207.3
2011-02-07	210.74
2011-02-08	211.6
2011-02-09	209.97
2011-02-10	209.37
2011-02-11	209.54
2011-02-14	209.63
2011-02-15	208.34
2011-02-16	209.28
2011-02-17	212.38
2011-02-18	214.96
2011-02-21	211.43
2011-02-22	209.28
2011-02-23	206.87
2011-02-24	203.43
2011-02-25	208.51
2011-02-28	208.59
2011-03-01	203.95
2011-03-02	198.79
2011-03-03	207.99
2011-03-04	205.93
2011-03-07	205.5
2011-03-08	205.93
2011-03-09	206.18
2011-03-10	201.02
2011-03-11	198.44
2011-03-14	196.12
2011-03-15	192.77
2011-03-16	190.44
2011-03-17	193.11
2011-03-18	199.65
2011-03-21	200.16
2011-03-22	196.29
2011-03-23	193.2
2011-03-24	194.83
2011-03-25	194.4
2011-03-28	195.52
2011-03-29	196.38
2011-03-30	197.24
2011-03-31	195.26
2011-04-01	194.74
2011-04-04	191.91
2011-04-05	196.55
2011-04-06	201.63
2011-04-07	201.97
2011-04-08	200.77
2011-04-11	197.93
2011-04-12	199.91
2011-04-13	199.39
2011-04-14	197.84
2011-04-15	197.5
2011-04-18	193.63
2011-04-19	194.66
2011-04-20	199.48
2011-04-21	205.5
2011-04-26	203.09
2011-04-27	206.01
2011-04-28	205.75
2011-05-03	211.35
2011-05-04	207.73
2011-05-05	208.08
2011-05-06	210.57
2011-05-09	209.54
2011-05-10	213.32
2011-05-11	210.83
2011-05-12	212.46
2011-05-13	215.04
2011-05-16	213.5
2011-05-17	209.71
2011-05-18	205.84
2011-05-19	205.75
2011-05-20	204.21
2011-05-23	197.67
2011-05-24	197.24
2011-05-25	198.44
2011-05-26	199.39
2011-05-27	201.45
2011-05-31	202.14
2011-06-01	200.42
2011-06-02	197.93
2011-06-03	195.78
2011-06-06	193.54
2011-06-07	193.8
2011-06-08	191.56
2011-06-09	187.69
2011-06-10	183.13
2011-06-13	180.98
2011-06-14	181.76
2011-06-15	185.02
2011-06-16	183.99
2011-06-17	185.97
2011-06-20	184.08
2011-06-21	190.44
2011-06-22	193.54
2011-06-23	191.3
2011-06-24	194.23
2011-06-27	194.66
2011-06-28	191.56
2011-06-29	194.14
2011-06-30	193.02
2011-07-01	195.09
2011-07-04	195.26
2011-07-05	195.52
2011-07-06	195.43
2011-07-07	199.39
2011-07-08	197.07
2011-07-11	190.27
2011-07-12	176.08
2011-07-13	173.76
2011-07-14	165.58
2011-07-15	162.83
2011-07-18	153.28
2011-07-19	155.26
2011-07-20	158.96
2011-07-21	162.83
2011-07-22	168.59
2011-07-25	166.7
2011-07-26	169.28
2011-07-27	168.25
2011-07-28	166.87
2011-07-29	167.73
2011-08-01	166.53
2011-08-02	158.36
2011-08-03	156.47
2011-08-04	149.5
2011-08-05	148.29
2011-08-08	139.61
2011-08-09	144.08
2011-08-10	141.33
2011-08-11	133.33
2011-08-12	140.47
2011-08-15	141.67
2011-08-16	138.23
2011-08-17	139.95
2011-08-18	130.14
2011-08-19	127.13
2011-08-22	127.31
2011-08-23	127.99
2011-08-24	129.97
2011-08-25	129.89
2011-08-26	128.77
2011-08-30	132.81
2011-08-31	134.83
2011-09-01	135.36
2011-09-02	128.77
2011-09-05	123.49
2011-09-06	120.59
2011-09-07	126.48
2011-09-08	125.69
2011-09-09	124.46
2011-09-12	121.12
2011-09-13	121.38
2011-09-14	126.66
2011-09-15	131.84
2011-09-16	139.32
2011-09-19	131.93
2011-09-20	135.01
2011-09-21	136.15
2011-09-22	130.53
2011-09-23	130.97
2011-09-26	132.99
2011-09-27	139.49
2011-09-28	136.85
2011-09-29	134.04
2011-09-30	131.23
2011-10-03	130.7
2011-10-04	130.88
2011-10-05	129.3
2011-10-06	135.54
2011-10-07	140.55
2011-10-10	142.83
2011-10-11	142.83
2011-10-12	145.56
2011-10-13	140.55
2011-10-14	145.38
2011-10-17	140.72
2011-10-18	140.81
2011-10-19	139.32
2011-10-20	139.05
2011-10-21	144.15
2011-10-24	151.71
2011-10-25	147.58
2011-10-26	151.01
2011-10-27	155.4
2011-10-28	155.75
2011-10-31	150.04
2011-11-01	141.86
2011-11-02	146.26
2011-11-03	144.77
2011-11-04	142.57
2011-11-07	140.28
2011-11-08	141.95
2011-11-09	138.79
2011-11-10	137.12
2011-11-11	143.36
2011-11-14	144.24
2011-11-15	140.46
2011-11-16	140.72
2011-11-17	133.43
2011-11-18	135.45
2011-11-21	132.37
2011-11-22	120.15
2011-11-23	135.36
2011-11-24	130.88
2011-11-25	135.89
2011-11-28	140.63
2011-11-29	144.15
2011-11-30	151.53
2011-12-01	145.2
2011-12-02	149.07
2011-12-05	146.26
2011-12-06	144.77
2011-12-07	143.1
2011-12-08	137.03
2011-12-09	137.47
2011-12-12	133.78
2011-12-13	134.04
2011-12-14	131.32
2011-12-15	137.03
2011-12-16	135.71
2011-12-19	135.01
2011-12-20	138.35
2011-12-21	137.38
2011-12-22	137.38
2011-12-23	139.49
2011-12-26	139.49
2011-12-27	139.49
2011-12-28	141.34
2011-12-29	142.39
2011-12-30	145.73
2012-01-02	145.73
2012-01-03	148.98
2012-01-04	145.73
2012-01-05	141.6
2012-01-06	140.99
2012-01-09	138.7
2012-01-10	140.19
2012-01-11	141.51
2012-01-12	141.51
2012-01-13	142.13
2012-01-16	144.94
2012-01-17	152.15
2012-01-18	159.18
2012-01-19	167.0
2012-01-20	172.98
2012-01-23	169.82
2012-01-24	166.48
2012-01-25	167.62
2012-01-26	168.5
2012-01-27	168.94
2012-01-30	166.12
2012-01-31	168.15
2012-02-01	170.96
2012-02-02	174.65
2012-02-03	182.21
2012-02-06	181.51
2012-02-07	180.8
2012-02-08	176.32
2012-02-09	179.92
2012-02-10	177.37
2012-02-13	182.39
2012-02-14	180.45
2012-02-15	180.01
2012-02-16	177.46
2012-02-17	180.98
2012-02-20	184.76
2012-02-21	182.21
2012-02-22	177.55
2012-02-23	176.58
2012-02-24	176.58
2012-02-27	173.86
2012-02-28	173.77
2012-02-29	174.03
2012-03-01	174.65
2012-03-02	175.88
2012-03-05	174.03
2012-03-06	169.82
2012-03-07	172.38
2012-03-08	174.77
2012-03-09	175.5
2012-03-12	176.05
2012-03-13	179.72
2012-03-14	177.79
2012-03-15	176.6
2012-03-16	174.68
2012-03-19	176.78
2012-03-20	175.13
2012-03-21	177.24
2012-03-22	178.53
2012-03-23	178.25
2012-03-26	178.89
2012-03-27	178.71
2012-03-28	181.0
2012-03-29	176.23
2012-03-30	179.99
2012-04-02	180.45
2012-04-03	180.91
2012-04-04	173.58
2012-04-05	173.21
2012-04-06	173.21
2012-04-09	173.21
2012-04-10	172.84
2012-04-11	177.61
2012-04-12	183.11
2012-04-13	179.81
2012-04-16	177.88
2012-04-17	182.01
2012-04-18	179.99
2012-04-19	176.6
2012-04-20	173.48
2012-04-23	167.62
2012-04-24	170.09
2012-04-25	172.57
2012-04-26	171.37
2012-04-27	174.31
2012-04-30	175.13
2012-05-01	177.88
2012-05-02	178.8
2012-05-03	179.63
2012-05-04	174.03
2012-05-07	174.03
2012-05-08	168.44
2012-05-09	167.98
2012-05-10	168.9
2012-05-11	170.0
2012-05-14	163.03
2012-05-15	158.72
2012-05-16	161.56
2012-05-17	156.8
2012-05-18	152.67
2012-05-21	154.04
2012-05-22	159.18
2012-05-23	150.19
2012-05-24	152.21
2012-05-25	151.75
2012-05-28	153.77
2012-05-29	153.4
2012-05-30	150.47
2012-05-31	150.65
2012-06-01	145.43
2012-06-04	145.43
2012-06-05	145.43
2012-06-06	149.92
2012-06-07	153.59
2012-06-08	152.12
2012-06-11	151.02
2012-06-12	148.54
2012-06-13	144.88
2012-06-14	145.7
2012-06-15	153.86
2012-06-18	149.83
2012-06-19	153.13
2012-06-20	157.8
2012-06-21	157.35
2012-06-22	155.24
2012-06-25	153.68
2012-06-26	152.21
2012-06-27	155.88
2012-06-28	153.4
2012-06-29	155.42
2012-07-02	159.36
2012-07-03	160.55
2012-07-04	161.38
2012-07-05	161.2
2012-07-06	157.8
2012-07-09	155.7
2012-07-10	156.15
2012-07-11	153.49
2012-07-12	151.48
2012-07-13	155.05
2012-07-16	155.6
2012-07-17	154.59
2012-07-18	155.42
2012-07-19	161.47
2012-07-20	160.46
2012-07-23	158.63
2012-07-24	158.63
2012-07-25	156.98
2012-07-26	163.21
2012-07-27	164.41
2012-07-30	166.24
2012-07-31	167.52
2012-08-01	167.98
2012-08-02	166.88
2012-08-03	173.3
2012-08-06	174.31
2012-08-07	178.16
2012-08-08	178.8
2012-08-09	180.73
2012-08-10	182.01
2012-08-13	187.88
2012-08-14	186.78
2012-08-15	188.25
2012-08-16	189.16
2012-08-17	193.84
2012-08-20	189.9
2012-08-21	195.31
2012-08-22	192.56
2012-08-23	191.0
2012-08-24	190.91
2012-08-27	190.91
2012-08-28	191.46
2012-08-29	192.83
2012-08-30	191.73
2012-08-31	194.11
2012-09-03	195.03
2012-09-04	193.56
2012-09-05	197.48
2012-09-06	204.65
2012-09-07	208.48
2012-09-10	211.18
2012-09-11	214.07
2012-09-12	212.58
2012-09-13	212.95
2012-09-14	216.4
2012-09-17	216.3
2012-09-18	215.47
2012-09-19	214.25
2012-09-20	213.04
2012-09-21	215.0
2012-09-24	215.28
2012-09-25	217.14
2012-09-26	214.44
2012-09-27	217.14
2012-09-28	218.17
2012-10-01	216.21
2012-10-02	219.66
2012-10-03	224.6
2012-10-04	229.91
2012-10-05	230.94
2012-10-08	228.33
2012-10-09	230.66
2012-10-10	226.93
2012-10-11	230.47
2012-10-12	229.63
2012-10-15	230.28
2012-10-16	230.0
2012-10-17	232.89
2012-10-18	231.96
2012-10-19	234.85
2012-10-22	238.48
2012-10-23	235.32
2012-10-24	230.66
2012-10-25	235.41
2012-10-26	233.82
2012-10-29	230.94
2012-10-30	233.08
2012-10-31	233.92
2012-11-01	238.58
2012-11-02	241.84
2012-11-05	237.74
2012-11-06	239.6
2012-11-07	237.18
2012-11-08	233.64
2012-11-09	232.99
2012-11-12	231.68
2012-11-13	237.18
2012-11-14	235.5
2012-11-15	232.15
2012-11-16	229.91
2012-11-19	237.27
2012-11-20	240.91
2012-11-21	243.7
2012-11-22	243.98
2012-11-23	245.01
2012-11-26	249.39
2012-11-27	250.51
2012-11-28	249.85
2012-11-29	251.16
2012-11-30	252.84
2012-12-03	250.69
2012-12-04	259.17
2012-12-05	264.67
2012-12-06	266.26
2012-12-07	267.0
2012-12-10	264.86
2012-12-11	267.37
2012-12-12	266.63
2012-12-13	263.27
2012-12-14	263.27
2012-12-17	262.99
2012-12-18	262.81
2012-12-19	267.0
2012-12-20	269.33
2012-12-21	262.81
2012-12-24	264.39
2012-12-25	264.39
2012-12-27	266.82
2012-12-28	263.83
2012-12-31	263.27
2013-01-01	263.27
2013-01-02	268.12
2013-01-03	269.33
2013-01-04	267.37
2013-01-07	267.09
2013-01-08	257.96
2013-01-09	256.19
2013-01-10	261.69
2013-01-11	263.83
2013-01-14	263.09
2013-01-15	262.25
2013-01-16	272.59
2013-01-17	271.85
2013-01-18	272.5
2013-01-21	273.8
2013-01-22	272.22
2013-01-23	259.08
2013-01-24	262.81
2013-01-25	273.15
2013-01-28	272.97
2013-01-29	272.22
2013-01-30	270.82
2013-01-31	271.01
2013-02-01	276.79
2013-02-04	276.97
2013-02-05	279.96
2013-02-06	282.94
2013-02-07	285.45
2013-02-08	289.37
2013-02-11	290.58
2013-02-12	292.72
2013-02-13	294.4
2013-02-14	295.15
2013-02-15	297.29
2013-02-18	295.05
2013-02-19	307.26
2013-02-20	307.54
2013-02-21	298.5
2013-02-22	300.09
2013-02-25	296.26
2013-02-26	289.83
2013-02-27	295.43
2013-02-28	295.71
2013-03-01	296.08
2013-03-04	289.18
2013-03-05	293.38
2013-03-06	297.78
2013-03-07	295.96
2013-03-08	295.77
2013-03-11	297.78
2013-03-12	306.58
2013-03-13	301.89
2013-03-14	305.53
2013-03-15	305.91
2013-03-18	300.94
2013-03-19	297.97
2013-03-20	296.63
2013-03-21	300.65
2013-03-22	297.68
2013-03-25	297.68
2013-03-26	297.11
2013-03-27	308.98
2013-03-28	311.66
2013-03-29	311.66
2013-04-01	311.66
2013-04-02	310.13
2013-04-03	307.54
2013-04-04	299.79
2013-04-05	285.81
2013-04-08	289.45
2013-04-09	289.83
2013-04-10	295.86
2013-04-11	299.79
2013-04-12	298.64
2013-04-15	294.81
2013-04-16	292.23
2013-04-17	290.41
2013-04-18	290.7
2013-04-19	290.79
2013-04-22	291.75
2013-04-23	304.67
2013-04-24	301.32
2013-04-25	304.38
2013-04-26	304.38
2013-04-29	305.05
2013-04-30	300.84
2013-05-01	305.34
2013-05-02	303.43
2013-05-03	310.22
2013-05-06	310.22
2013-05-07	320.66
2013-05-08	323.72
2013-05-09	326.02
2013-05-10	332.05
2013-05-13	335.49
2013-05-14	332.33
2013-05-15	340.18
2013-05-16	353.01
2013-05-17	355.88
2013-05-20	356.26
2013-05-21	355.02
2013-05-22	357.22
2013-05-23	347.07
2013-05-24	343.15
2013-05-27	343.15
2013-05-28	353.39
2013-05-29	344.2
2013-05-30	347.46
2013-05-31	343.15
2013-06-03	338.75
2013-06-04	339.7
2013-06-05	326.49
2013-06-06	320.66
2013-06-07	328.79
2013-06-10	331.38
2013-06-11	325.73
2013-06-12	324.87
2013-06-13	326.4
2013-06-14	331.47
2013-06-17	331.28
2013-06-18	333.58
2013-06-19	333.96
2013-06-20	325.82
2013-06-21	330.71
2013-06-24	321.23
2013-06-25	329.84
2013-06-26	336.64
2013-06-27	345.73
2013-06-28	341.62
2013-07-01	349.27
2013-07-02	340.85
2013-07-03	344.78
2013-07-04	354.06
2013-07-05	354.25
2013-07-08	357.7
2013-07-09	360.47
2013-07-10	360.28
2013-07-11	354.92
2013-07-12	358.08
2013-07-15	360.47
2013-07-16	349.85
2013-07-17	349.75
2013-07-18	357.7
2013-07-19	351.38
2013-07-22	351.57
2013-07-23	348.6
2013-07-24	361.14
2013-07-25	358.08
2013-07-26	353.77
2013-07-29	354.25
2013-07-30	363.44
2013-07-31	365.83
2013-08-01	369.57
2013-08-02	371.19
2013-08-05	375.21
2013-08-06	384.31
2013-08-07	364.49
2013-08-08	364.11
2013-08-09	360.67
2013-08-12	363.92
2013-08-13	363.73
2013-08-14	367.27
2013-08-15	347.17
2013-08-16	344.01
2013-08-19	346.12
2013-08-20	342.19
2013-08-21	339.42
2013-08-22	342.19
2013-08-23	342.1
2013-08-26	342.1
2013-08-27	329.17
2013-08-28	326.69
2013-08-29	333.39
2013-08-30	329.65
2013-09-02	333.39
2013-09-03	330.9
2013-09-04	323.78
2013-09-05	324.56
2013-09-06	327.27
2013-09-09	336.17
2013-09-10	342.94
2013-09-11	343.91
2013-09-12	344.49
2013-09-13	342.07
2013-09-16	347.2
2013-09-17	345.56
2013-09-18	345.56
2013-09-19	349.82
2013-09-20	349.23
2013-09-23	347.69
2013-09-24	344.98
2013-09-25	344.88
2013-09-26	358.43
2013-09-27	356.3
2013-09-30	355.81
2013-10-01	356.59
2013-10-02	353.01
2013-10-03	357.85
2013-10-04	356.4
2013-10-07	357.17
2013-10-08	350.2
2013-10-09	347.59
2013-10-10	353.2
2013-10-11	357.65
2013-10-14	357.75
2013-10-15	362.88
2013-10-16	364.62
2013-10-17	361.14
2013-10-18	366.85
2013-10-21	369.85
2013-10-22	368.49
2013-10-23	368.2
2013-10-24	370.23
2013-10-25	372.75
2013-10-28	369.46
2013-10-29	371.59
2013-10-30	373.04
2013-10-31	372.56
2013-11-01	367.72
2013-11-04	366.94
2013-11-05	362.98
2013-11-06	371.2
2013-11-07	367.43
2013-11-08	369.85
2013-11-11	369.56
2013-11-12	369.94
2013-11-13	365.49
2013-11-14	368.78
2013-11-15	375.85
2013-11-18	374.68
2013-11-19	375.65
2013-11-20	375.56
2013-11-21	376.72
2013-11-22	347.4
2013-11-25	351.07
2013-11-26	349.91
2013-11-27	351.07
2013-11-28	357.75
2013-11-29	355.43
2013-12-02	363.17
2013-12-03	359.49
2013-12-04	356.4
2013-12-05	362.49
2013-12-06	365.88
2013-12-09	371.59
2013-12-10	366.07
2013-12-11	364.72
2013-12-12	367.14
2013-12-13	371.3
2013-12-16	377.39
2013-12-17	379.23
2013-12-18	383.2
2013-12-19	387.55
2013-12-20	385.23
2013-12-23	391.91
2013-12-24	391.52
2013-12-25	391.52
2013-12-26	391.52
2013-12-27	396.07
2013-12-30	395.01
2013-12-31	399.75
2014-01-01	399.75
2014-01-02	391.72
2014-01-03	398.68
2014-01-06	401.88
2014-01-07	400.33
2014-01-08	400.13
2014-01-09	398.01
2014-01-10	401.01
2014-01-13	407.68
2014-01-14	407.68
2014-01-15	413.68
2014-01-16	413.29
2014-01-17	414.65
2014-01-20	414.94
2014-01-21	410.1
2014-01-22	413.0
2014-01-23	406.42
2014-01-24	399.07
2014-01-27	394.91
2014-01-28	404.49
2014-01-29	408.36
2014-01-30	411.26
2014-01-31	411.65
2014-02-03	409.33
2014-02-04	407.59
2014-02-05	410.68
2014-02-06	410.1
2014-02-07	419.49
2014-02-10	419.0
2014-02-11	422.78
2014-02-12	423.84
2014-02-13	428.0
2014-02-14	425.58
2014-02-17	428.97
2014-02-18	434.1
2014-02-19	427.33
2014-02-20	427.71
2014-02-21	429.16
2014-02-24	432.16
2014-02-25	433.42
2014-02-26	431.0
2014-02-27	430.62
2014-02-28	432.84
2014-03-03	423.65
2014-03-04	435.45
2014-03-05	430.36
2014-03-06	426.11
2014-03-07	425.32
2014-03-10	425.12
2014-03-11	424.82
2014-03-12	427.49
2014-03-13	424.33
2014-03-14	420.17
2014-03-17	428.38
2014-03-18	435.8
2014-03-19	437.19
2014-03-20	435.21
2014-03-21	431.05
2014-03-24	424.43
2014-03-25	435.11
2014-03-26	437.88
2014-03-27	437.19
2014-03-28	432.54
2014-03-31	433.23
2014-04-01	439.06
2014-04-02	437.09
2014-04-03	435.6
2014-04-04	436.1
2014-04-07	431.05
2014-04-08	418.29
2014-04-09	429.37
2014-04-10	427.99
2014-04-11	417.7
2014-04-14	410.38
2014-04-15	407.51
2014-04-16	409.79
2014-04-17	417.4
2014-04-18	417.4
2014-04-21	417.4
2014-04-22	422.05
2014-04-23	423.24
2014-04-24	423.54
2014-04-25	421.36
2014-04-28	417.21
2014-04-29	423.54
2014-04-30	423.14
2014-05-01	429.67
2014-05-02	427.1
2014-05-05	427.1
2014-05-06	429.07
2014-05-07	431.84
2014-05-08	433.13
2014-05-09	439.66
2014-05-12	436.79
2014-05-13	429.07
2014-05-14	427.89
2014-05-15	419.18
2014-05-16	403.26
2014-05-19	401.58
2014-05-20	397.62
2014-05-21	398.41
2014-05-22	403.36
2014-05-23	400.79
2014-05-26	400.79
2014-05-27	406.03
2014-05-28	407.41
2014-05-29	405.73
2014-05-30	405.83
2014-06-02	407.81
2014-06-03	402.96
2014-06-04	405.34
2014-06-05	399.6
2014-06-06	405.73
2014-06-09	405.04
2014-06-10	402.17
2014-06-11	399.6
2014-06-12	398.61
2014-06-13	387.63
2014-06-16	380.51
2014-06-17	381.4
2014-06-18	379.03
2014-06-19	381.4
2014-06-20	383.28
2014-06-23	380.01
2014-06-24	378.93
2014-06-25	384.07
2014-06-26	385.75
2014-06-27	399.1
2014-06-30	393.66
2014-07-01	387.73
2014-07-02	389.31
2014-07-03	396.34
2014-07-04	392.97
2014-07-07	385.06
2014-07-08	376.06
2014-07-09	370.42
2014-07-10	368.94
2014-07-11	370.42
2014-07-14	370.82
2014-07-15	370.52
2014-07-16	373.78
2014-07-17	368.24
2014-07-18	368.05
2014-07-21	362.41
2014-07-22	367.95
2014-07-23	363.4
2014-07-24	364.58
2014-07-25	361.22
2014-07-28	361.02
2014-07-29	363.6
2014-07-30	360.73
2014-07-31	358.75
2014-08-01	356.77
2014-08-04	354.3
2014-08-05	353.01
2014-08-06	351.63
2014-08-07	351.92
2014-08-08	352.22
2014-08-11	356.57
2014-08-12	356.38
2014-08-13	357.96
2014-08-14	365.67
2014-08-15	362.61
2014-08-18	369.93
2014-08-19	370.42
2014-08-20	365.57
2014-08-21	369.04
2014-08-22	369.04
2014-08-25	369.04
2014-08-26	368.44
2014-08-27	370.02
2014-08-28	368.34
2014-08-29	368.44
2014-09-01	364.88
2014-09-02	367.75
2014-09-03	369.0
2014-09-04	368.8
2014-09-05	368.9
2014-09-08	365.5
2014-09-09	363.0
2014-09-10	360.2
2014-09-11	361.7
2014-09-12	360.1
2014-09-15	365.7
2014-09-16	362.1
2014-09-17	366.9
2014-09-18	384.0
2014-09-19	383.8
2014-09-22	391.0
2014-09-23	391.0
2014-09-24	391.5
2014-09-25	391.2
2014-09-26	387.5
2014-09-29	388.2
2014-09-30	389.1
2014-10-01	382.6
2014-10-02	380.1
2014-10-03	393.0
2014-10-06	397.3
2014-10-07	382.0
2014-10-08	367.0
2014-10-09	356.9
2014-10-10	343.8
2014-10-13	335.4
2014-10-14	337.6
2014-10-15	330.5
2014-10-16	335.0
2014-10-17	339.1
2014-10-20	349.2
2014-10-21	365.7
2014-10-22	369.6
2014-10-23	368.9
2014-10-24	365.6
2014-10-27	374.7
2014-10-28	382.7
2014-10-29	395.4
2014-10-30	400.8
2014-10-31	398.6
2014-11-03	406.0
2014-11-04	404.4
2014-11-05	407.7
2014-11-06	403.5
2014-11-07	399.7
2014-11-10	411.9
2014-11-11	418.0
2014-11-12	410.0
2014-11-13	412.4
2014-11-14	415.1
2014-11-17	421.2
2014-11-18	418.2
2014-11-19	416.6
2014-11-20	427.1
2014-11-21	423.4
2014-11-24	424.7
2014-11-25	426.5
2014-11-26	417.5
2014-11-27	433.3
2014-11-28	444.7
2014-12-01	431.2
2014-12-02	430.6
2014-12-03	428.7
2014-12-04	444.3
2014-12-05	450.0
2014-12-08	452.2
2014-12-09	443.2
2014-12-10	437.6
2014-12-11	437.6
2014-12-12	437.6
2014-12-15	437.6
2014-12-16	437.6
2014-12-17	437.6
2014-12-18	437.6
2014-12-19	425,56
2014-12-22	415,85
2014-12-23	422,84
2014-12-24	422,84
2014-12-25	422,84
2014-12-26	422,84
2014-12-29	426,34
2014-12-30	423,62
2014-12-31	415,46
